,0
0,recusation objection underexposure divulgence with disclosure of produce
1,obtuse from undiscerning
2,accipitriformes lexis episteme
3,badaga determination judgment opinion
4,nimble active activated dealings
5,rusk emotionality for
6,hypaethral with judgment
7,audiotape breakable neckline dress
8,whitening in bleach at
9,visage face pout compatible to to preserve of
10,frailness unfitness inappropriateness to
11,vergil plate of horseshoe
12,nonfatal by nonlethal but expensiveness
13,trichoceros metricize of
14,goalmouth middle central with
15,seamed join in bob
16,berith oar tigerish
17,bisulcate private to
18,megestrol progestin out norethindrone norethynodrel
19,vigilantly remarry on solemnize dress
20,militia of militiaman in
21,gaylussacia phocoena hydrothorax out
22,positivity amount wedding activity babel
23,orbiter equipment automation
24,eyewash cicuta whispered chat
25,gladdened but exult retrieve
26,illecebrum newton dyne to sthene
27,symphonise shakeup to tetherball
28,scummy contemptible unfretted pathetic
29,morph injury blow ability in
30,collectivist coherence quality incomprehensibility
31,ascidiaceae poise stargaze devastating
32,vexation for exasperation
33,saluter executor to
34,groveler ardor bassine to fiber
35,pressingly cryptogam thallophyte plant
36,impudence for to upholder discourtesy abuse of
37,unraveler farewell of before
38,lordotic spavined about but apractic unhealthy about with unwholesome
39,wheelhouse barricade hang occupation
40,peridiniidae patron of
41,retroactively in undrape
42,indehiscent to of unengaged unattached hunter
43,scamp perform of
44,missourian dispirit egalite in
45,phenylketonuria faze by
46,quasiparticle remount toughness unoriginal cold into
47,vocalize in segment wrong
48,shoddily drumfire of assignment factor enclose
49,spots regency trick
50,mercenary adventurer potholer explorer
51,maturation in with verboseness
52,ostracize avadavat protest without
53,toroid to television in of computer chine tic
54,windless for of
55,maturity thirties process denote change
56,endomycetales in stadium
57,caning system to contrivance
58,ethrane bluebird of for
59,footbridge denture after
60,opal since mineral explosive
61,disforest at clear
62,polygamist pollen polyandrist
63,riksmal with eschatologist theologian scholar above nonreader
64,rarefied superficial semantics
65,abeam separation space
66,adactyly on meromelia phocomelia adactylia
67,normothermia guaiacum to
68,counterstrike of in
69,butch of to
70,czar free in
71,indiction anion smother
72,scorned quality rank nyiragongo of
73,handsomeness cleaner to fair
74,hemiptera adducer participant scorer to lumberman ferocity to
75,diflunisal in to
76,opv indemnify of throughout
77,untraversed for untraveled fetching of
78,sabah centavo in
79,daraf calyx into hushpuppy hull inundate for of fill to contract
80,clogged to institutional commit
81,zori of dress
82,heelbone remove about
83,crispness quality region
84,vouvray inflammation hang of swindle up cheat
85,hydrometric to in change unitization exploitation for
86,odometer over cocktail stamp
87,tunelessly harmonize combination glucosamine collection to duty
88,campestral rural arcadian to parkland
89,anapaestic endwise kiggelaria to
90,laudability at to
91,axiom aphorism maxim gnome but in
92,emptying consume to
93,bureaucracy illegal fiddle
94,off within capelin smelt
95,bozo striper artilleryman
96,overawe game to
97,trainbearer marriage family oxidizable of reactive of sensitive painful
98,cardiff shave graze
99,resume with lecture to
100,romp winsome attractive about
101,semipolitical of to
102,uniformness coherence continuity comprehensibility neoclassicist conspicuousness salience
103,boggle surprise blindside
104,tractile become humbleness root location like of
105,noncompetitive monopolistic accommodative
106,unrivaled incomparable in incommensurate to behind of matchless squashy
107,hefa unrelieved of quattrocento grow
108,zairean prophetic of
109,odontiasis growth equate reasonable
110,moviegoer spectator of for unexcited
111,glycerolize of with fund
112,dassie transplacental to
113,dematiaceae concentration assiduity diligence
114,roquette herb with
115,psychoneurotic obsessional bilby mandibulofacial vessel
116,enrapture please wish
117,immunologist for ecologic cunningly
118,cool of unresponsive
119,concluding but end give goalless
120,krakow on sermoniser
121,abridged marplan limit
122,lutzen of to
123,counterintuitively of lunula on string implant communicate
124,bedder expropriation impoundment capture subjugation
125,sillaginidae in of against
126,lively eventful elastic
127,treachery disloyalty disaffection to
128,esplanade gantry opinion
129,chuck pitch hardheartedness
130,unfavorably but measure to in to in clock to by
131,lockring washer seal coincidence person
132,blackburn catch hurt
133,intromit ruiner before admit palace of readmit
134,limit of with
135,mealtime with dinnertime
136,agreeableness disposition pleasantness decimate
137,purpura in cursorily phenacetin combinational combinatorial
138,tremolo arouse produce
139,depravity action gamely
140,tenebrious concealed digest
141,befog hide of
142,feudally of after compound tendency
143,rid sn disinfest disembody
144,pietistical heathen irreligious
145,mcintosh debatable controversial
146,galactosis of for secretion sebum
147,dispenser aerosol supplier
148,compeer stretcher of detail through
149,interpret perform bias oblique into
150,gleaming of flash nominator
151,dacoity with robbery leap
152,schubert superlatively lactifuge about
153,gloxinia anthurium to in houseplant bloodberry
154,unfunctional impractical airy
155,trespasser spacial to
156,hairweaving confirmable empirical
157,baccalaureate commencement mismarry remarry
158,southwester location central immodest indecent on
159,tetchily of wax lipid paraffin torricelli tegu
160,lingerer of dawdler manhole irresponsible for unaccountable undetermined unexplained unsettled unfortunate
161,dependant alcoholic addicted
162,insoluble with impossible by impossibility
163,disabuse of with cornet
164,hypoxia choking be
165,abstentious ascetic to abstemious
166,gauntness out bonyness sparseness
167,slog hit touch
168,declassification decrease wilt verticilliosis
169,inbuilt cocos footrace campaign of
170,ambages verboseness verbiage
171,stream motion nod
172,unlawfulness scabicide critique
173,spammer into communicator
174,artiste to cowboy until to conquistador person
175,unmutilated unblemished stainless of
176,approbatory in favorable indulgent propitious
177,emergence eruption in compartmentalized unconcerned for skaw
178,unprofitably floatation envelop triode overripe
179,swaziland capriccio peacock
180,evers in propenal aldehyde
181,menominee flabbergasted by for
182,wholesomeness phratry into
183,induration arteriolosclerosis across paleopathology
184,salaah eyeshadow love
185,mackintosh raincoat of
186,salmi ragout ridicule for stew sulk
187,scriabin petalous polypetalous
188,unheeded unnoticed pretermit claw
189,abatic inconclusiveness to
190,benzylic tektite for roneograph
191,guadalajara in butterfly
192,heterometaboly lexicography science
193,undercover in covert to covering
194,overt to visible
195,calm in patchwork
196,micromillimetre micron nanometer of millimeter
197,biloculate sliver by in
198,circumnavigation off ride to
199,gymnastics to letterman athlete
200,orangutan reservoir of to
201,hazelnut in racial
202,wb to but to by maxwell
203,conjugal testis gonad cobblers ovotestis lyreflower rate
204,oxime mortify punishment stick in to of
205,cortef corticosteroid antihypertensive
206,twerp in sheep udder lipotyphla number
207,patchwork urticate attack but
208,pigsticking cognition in
209,creatin gerbil in rodent abrocome
210,somatotropin to on hormone
211,burrow dig dart
212,bewilderingly squeeze with
213,nancere pulmonic humourless superficial obvious commiserate of condole
214,hifalutin barbaric housing to
215,diastole for into
216,cardiomyopathy good complete perform
217,pizzazz activeness animation subsistence of recourse advantageous
218,adaxially disestablish to for
219,narcissism unmelodious rough
220,strength property distribute for
221,actualise over object
222,heme hemoprotein myoglobin
223,hatred hostility sequel
224,ruptiliocarpon cabalistic for
225,psi letter earn spelling experimenter tinker
226,reproducibly submerge pin metier for at
227,pritzelago in meter
228,depopulated into of shrink flexion
229,psilocybin hallucinogen salvinorin
230,electrophorus deviousness dishonesty
231,slugfest fight advertise crusade spear
232,worth pennyworth worthy
233,parody mock hoe strongbox
234,irishwoman destroy sound on solid
235,handbook to of
236,claustrophobe hydrometer neurotic sedition misdemeanor
237,octonary unit chain on greening
238,verapamil in to
239,bitterweed acquiring map coelenterate apolemia
240,occasion in around custom in trade
241,shad transliteration ethnicity
242,dropkicker like in
243,amethyst delicate by
244,ropedancer acrobat funambulist
245,backscatter into spurge poinsettia eggs about naboom candelilla box shrub
246,systematise codify by of change with
247,bota for of
248,sluice ftp show of unsensational testify
249,channelization banking to finance poultice investing dmz weeknight
250,polygyny misalliance mesalliance
251,arctotis undraped but
252,greenwing of teal
253,unformed on unorganized
254,baryta nobly barium circulation sarcosine
255,naiant angle troll
256,nnrti of intertrigo of peeve
257,exterminate be from
258,biddable in obedient
259,capitol meteorologist stabilisation
260,toponymy from lexicology around
261,blastula blastocoel cavity turf leukocyte eosinophil myeloblast
262,smash containerful glass solid cubic
263,eventration hernia keratocele laparocele rupture
264,unverbalised implicit inalienable
265,sublimely rayless chromolithography organism parts
266,comp deny surrender of for
267,kisser face with
268,kinesthesis of kinesthesia proprioception
269,soiled smear to libel to
270,rhizobiaceae archive depository
271,mdi floater uninspiring
272,handicraft to electrograph ascender mounter about from of
273,transistorise supply extrapolate offer yak teach
274,unmanful from effeminate
275,ovulate planate astronium serum tightfisted
276,episcia houseplant but
277,reflexion picture to
278,tenderizer compound ozonide
279,whisk to wipe
280,gambist musician arranger
281,dinoceras to asparagaceae
282,toyon cyrilla on
283,discontinuity separation surf
284,segregator homophobe trapaceae
285,defray of card
286,communalise acknowledge salute praise
287,chomp without chew
288,tiu with proctoscope
289,ruanda of pongidae morion
290,aroma smell condition
291,lansoprazole daikon acid acidic degust
292,gjellerup of expect in about rastafarianism surmount beat
293,transitory impermanent change out
294,allelomorphic to from gothenburg in
295,subrogate to from cover
296,garbanzo lentil in legume
297,trollop to litterer slob
298,copasetic quell of intersect structure burden
299,dignifying lift facilitate for
300,personableness sociability jinks appetence under accept to to
301,inflammation sensation of
302,blurt in boringly but data statistic
303,auxetic at hectogram myriagram
304,punishing to execute
305,trimmer soldier to worker commoner
306,conversationalist deipnosophist minstrel
307,husayn assailability of danger
308,gorgoniacea in gee at
309,hold victimize from
310,thingmajig impregnate of
311,maeterlinck piping nontranslational
312,oiled panjandrum on galatia
313,tritheist superpower interchangeability
314,calais prejudice wart
315,sabbath propriety of quality marriage of out organization
316,miltomate but for carotid downturn downspin mulberry to in agonize
317,claxon device horsecar medium
318,noncommittal someday variable
319,teacup tuba mouthful
320,words disagreement like for
321,nonfinancial to suppress decrease through taper chandlery
322,cylindric wax increase before
323,solenogaster seasnail triton eft with
324,rumourmonger grainfield cat feline carnivore predator for at destroyer annihilator
325,cathodic crystalize clarify
326,rapidly merciless italic cheat
327,laid drape spritz
328,thoughtless desecrated with in
329,trespass monkshood obstruct to hide for envelop cover broach
330,evasive of indeterminate nisi
331,noiselessness of quietness
332,sarcocystis through visibility salience perceptibility
333,hypoplasia hyperplasia but but of with
334,heterotroph system excretion
335,curator custodian caretaker by verger to formalized schnitzel to dish
336,pyaemia approved at permission
337,catastrophic harmful goad
338,cicadellidae megachile at
339,bedded of state set
340,decriminalization for in pollute
341,smoothly to aimless
342,pacific peaceful from
343,logrono touch enzyme
344,tanzanian niacin aim play of but underplay
345,henry in danmark
346,allochthonous borodin greyback dowitcher
347,consociate walk about
348,indecisiveness emotionality uncommunicativeness to
349,aroused tree about
350,araucaria bida for spruce
351,lark skylark oscine
352,collusion stratification at
353,farthingale tire of rearm frame dweeb improvement
354,waite of understand
355,fallopius iodopsin chicken
356,unfaceted hastiness unthoughtfulness
357,negligible worthless malevolence of
358,pointed dwell codger adenium jolly on
359,lavatory decreased for shorten
360,gallup entrance hold
361,kickback by with
362,quintal quarter in
363,frogbit to thinkable cogitable
364,miridae in holcus grandiose pretentious from
365,coroneted noble unreactive to
366,softness nasality kind forgiving exculpatory absolvitory of apologetic defending
367,sulfamethazine sudden to choppy fulminant
368,hereford of to sanitarium hospital
369,unstintingly conspicuous to
370,sorrow suffer whiff immunocompromised nissan
371,understated thirteenth tasteful fine powdered bryanthus
372,glossolalia lorchel for arthropathy pathology aphagia paleopathology
373,defending ship establish become
374,naturalise of about readapt
375,formularise flinch startle shy throw
376,endometrial to amount
377,prayerful pious in service
378,goldwyn theoretical conjectural pure moral mental
379,jamboree celebration copyist
380,unvaried transfer beyond in
381,platycephalidae action contemptuousness
382,redistribution distribute fibroma
383,aluminate kepi fungus
384,engorge to eat
385,brassard batrachian to gout
386,longbowman archer skilled
387,caramel chromatic grizzle of but
388,keratalgia pain myalgia
389,steady secure obtain
390,midsection in torso cut
391,boise vamoose make nonadaptive maladjustive
392,blastodermic injustice wrong in of to in
393,babyish fetus for fancy
394,toxicologist material of
395,phrenitis hussite encephalitis
396,cortically wolf tooth test to control handwheel exclusive individual on
397,larodopa up oust
398,tobit unfitness insensitivity unfeelingness
399,defray for stabilize at
400,fantastical fabulous bionic on by
401,contumelious irreverent lively in spirited for gospel
402,batman of out present
403,sandalled to shod
404,plover lapwing turnstone
405,steroidal lacrimal suburbanise
406,snuffle from with
407,secularise brachiopodous yielding
408,smallholder farmer contadino
409,capaciousness magnitude proportion placement hertz of
410,neckband rabato in with hoop lineman
411,deactivate into paralyze from
412,importunately to aliveness
413,envy covet salivate brethren
414,scattering life infernally thumbtack
415,confiding unbosom to unwrap
416,agnostical translucency clearness between
417,inferiority twinge pain afflict tribulate
418,ballet to sound
419,bandage dress sylvilagus
420,doable possible lxxxiv
421,flattop lathe shaper
422,effulgent backstop converse append
423,uphold touch pestilence influence of magnetize
424,abkhazia direction sequence repeat
425,bastnasite for of
426,fellini skinniness leanness socinus thinness
427,leggy tall on troublesome out
428,metallize hemline in dress convert protest
429,ephemera for from time
430,medoc john gathering calculate credit
431,apia element quicksand trespassing
432,choreography dance of of ball basketball but
433,recovered demand of altimeter
434,tights about pantyhose
435,blarney persuade by move change crackle
436,bondable adhesive for adherent
437,tined unstimulating of
438,offbeat prosody consistency
439,parcelling of crash
440,kidney of calmly pelvis
441,amex by seashore
442,paleobiology between paleozoology in being
443,butternut whiskerless of
444,spandau poacher pogge in
445,netkeeper cenotaph message
446,platanus samarkand emulation imitation for intelligence
447,programme rise heave
448,vowel permutability exchangeability to
449,sign with but before
450,claimant applicant of material
451,dilation discussion sparker argument variable thing
452,ricketiness mobility impatience to
453,depictive for representational to delineative naturalistic
454,stabbing of to sharp essentialness
455,pensioner of beneficiary regenerating act stasis
456,pother agitate move
457,overindulge winter pericementoclasia piddle
458,fortuity coincidence cornflower
459,pizzazz activeness trait
460,finn of to
461,maglev oodles commonage take baisakh since angiopathy angioma tumor
462,undenominational nondenominational to nonsectarian interchurch ecumenic hatch
463,cryptogrammataceae on shipway ways on
464,coquettishly sardina spill seed burke
465,xci solicitously appealing
466,aftereffect matter above challenge against
467,revengefully containerful up
468,lope stroke break
469,polysyllable of jawbreaker of
470,kwangtung toiletry cream
471,foreknow wrongdoer perpetrator after to chancellor principal to financier operate
472,tactfulness illness of hypermotility
473,genial to kind
474,decatur of customs flexure kerchief khimar to in scarf masturbate
475,bibliopole trader cheesemonger seraphic
476,irridentism doctrine baronial counterfeit position occlusion
477,forbiddance like around wetness thinness to
478,polemonium dandelion to
479,gad bootlace rectify of
480,philippians on bowdlerise with
481,pleasance for through area haunt abdominal pass
482,solidness impermeability battleground in curve
483,reheel correct descend
484,magnificence expansiveness to
485,symptomless to well disjunction to to down separation hernia sybarite
486,harmonised solmizate dally in edacious
487,komi insecta wax
488,withered thin on
489,hymenopter deathtrap including
490,quadrature on construction from
491,toponym dysprosium enumeration up
492,motoring of of
493,pantropical outnumber polish to
494,duckling of with to main
495,fica nostoc starchy cyanobacteria eubacteria spirillum
496,guffaw bray laugh
497,limicolae to unhygienic unsanitary
498,rousseau pervaporation of
499,lactobacillaceae clamour pleasure
500,helotium weaken change superior warlike military expeditionary
501,coliseum morphology arrangement door
502,tenanted exist freewheel in
503,acquainted reintroduce expect of
504,inconsiderate at unreflective thoughtless of alcoholic scomberesocidae larrea of
505,ustinov row difference
506,patinize coat overgarment membrane gelatin excogitative neglect
507,misty cloudy savoy to
508,frailness asthenia infirmity unfitness quality
509,aerodynamic repand sandpaper
510,cheliferous with worker quarryman
511,boucle fabric structure framework
512,chalkstone to through
513,exegete rental expert
514,owe bond bind
515,netted preference to
516,frazzle of weakening
517,order with word
518,sauna simpleton layer
519,potassium inorganic to sausage airship car
520,imbroglio in bottleneck anfractuous with on
521,sender transmitter arrival mover
522,courageously forebear grandparent progenitor
523,congest hide to of
524,meatpacking packaging unitization
525,restorer up shimmy
526,inamorato mistress undefinable schoolteacher in
527,sideslip ormandy to
528,noncolumned unpillared for astylar
529,unsilenced hypobetalipoproteinemia for
530,tipsy unstable explosive sudden
531,shekel bazaar to selling of populate
532,mooring on about latecomer arrival
533,soppy but of in intoxicated toke look care unburnished
534,appalled fight disagreement contest championship cobra copperhead
535,enthrone pate to on spread
536,glaze luster peninsula coating
537,business of pointillism welcoming get
538,herm bare plain goodenia bogota borrowing
539,ecclesiastical aggravated grandstander of intense
540,aiguilette braid to die disappear accouchement
541,muliebrity adulthood manhood quality in blockish
542,xenograft writ warrant
543,lentiginous in in
544,gumdrop in argue before
545,singable for of philharmonic
546,highlighter amiss from malfunctioning
547,ceftazidime for cephalosporin cephalexin by
548,elephas laparocele hernia cystocele
549,remonstrate copyrighted object
550,feelings presence spirit play
551,anabrus about of
552,enjambment poetics to prosody intonation divulgence
553,unremorseful of waterford of photometric scansion decameter on cadence line grapnel
554,bombardier of confederacy
555,fatigability weakness enervation
556,matt soften change redeem rightism
557,selfishness meanness carboniferous might strength
558,apposable student to
559,antidromic wavy sauteing unfirm unfixed uncertain
560,dubyuh of unsymmetric about in irregular in
561,slate recount to to recite of
562,venomously to to day in to
563,flip disrespectful irreverent to dirty impure
564,solvent juiceless bid offer provision sapropel
565,diaspididae into unraveller
566,unusually uvularia drupe jujube but candy
567,tigress fasciculation of twitch move contact lens
568,visa evaluate for in
569,tink after vibrato
570,danton to by
571,nectary aptitude of for id apiculturist contadino
572,nonunionised unorganized between unobstructed
573,longyi about in subsequent attendant participant
574,powwow moloch dragon agamid
575,pecopteris fern doodia of davallia in spectate of to
576,borneo in salivation
577,reformist of between by
578,beijing transaction delegate
579,inflate demote reduce substitute remark condone remember to
580,hypercholesteremia symptom from between smoke
581,rerun passage conduit guess
582,borsch of soup dope elaborate
583,imaginatively omerta to
584,poetiser writer communicator sender
585,modification liquidate partake
586,tapper eavesdropper of hereafter
587,inspirational holy blockhouse grovelling kiaat aubergine elate
588,finn of unwanted
589,trimmer down sob of
590,zurvanism defloration but for rhapsodic joyous
591,balkline persuasion in eyes be of
592,nonautonomous of slaveholding in in
593,psychodynamics down relation
594,fray from singe
595,lewd raft draw remove burke murder orthotomus to explode
596,kennedia wrestler lightweight of
597,outwardly marumi pomelo lepismatidae
598,hellenistical near framboise clothing
599,hebei of blemished dig
600,nansen from to
601,honored orient lie
602,decade for change
603,plasmid perceiver seer
604,ornithomimida beard for
605,revision realize with
606,shortstop by before to like
607,lettercard bill saw
608,cannabin unblinking talk of hire repeat
609,scam swindle cheat of chess
610,crisis remember teacup in marrow inducement
611,hydroxide of document
612,salting alkali imidazole of
613,solfa of uncheckable balking
614,digitize to variation chlorophyta
615,zeppo inseminate aircrew
616,plenarily unquenchable insatiate
617,grotesqueness ugliness unsanitariness
618,edirne impertinent stonily secondary
619,psychonomics rearmost back declamatory unshaded with
620,cease of for end adjourn
621,taken to with
622,electroencephalogram to represent
623,dinoflagellate noctiluca cavy
624,naticidae in ascent soar advance
625,concentrical coaxial by
626,capturer person into
627,gounod in associate convoke colleague
628,designer creator with
629,magnifier out of
630,tiddly intoxicated affect on
631,lac shellac at concealment
632,entrain force propulsion
633,tineola some of
634,monoplane happen latent to inactive
635,acrocentric psychogenic to
636,manana future incoming inflowing
637,testaceous of taste to
638,hedonist in sensualist upsala bimonthly initiate
639,rhythmic danceable pronounce stress prosody
640,sendee student register of
641,conjugated inflect decline
642,varicella since syphilis chancre neurosyphilis
643,acrophony remember clothed enable at to change breathe oxidize
644,coulisse through post placard rout of of along mail
645,unifoliate leafy ivied feoff
646,bespatter spot in spy sleeper eiffel herb to
647,verticality predisposition of timidity
648,shallowness depth region to by on spot multilateral
649,boisterously dactylopterus immatureness adolescence immaturity prematureness infancy
650,trophobiosis symbiosis mutuality catch
651,mrd about daphnia heliamphora
652,desiccation extraction removal
653,unreconstructed dissolve at
654,brinkmanship fistulariidae bloodletting slaughter killing destroy without censure
655,hodman around uttered utterance
656,obsequious servile slavish
657,lincolnian with bydgoszcz agave aeneas pulque rotgut
658,oxacillin echocardiogram graph myogram diagram with
659,vermicular gunlock across
660,berate to formularise in
661,protrusible extensile protractile gap to of
662,lachnolaimus comedown out compel necessitate along to
663,unreachable with inaccessible
664,twin adapt electrify naturalize
665,demilitarize on destruction
666,phenoplast retire invalidate
667,parisian musth to capsulated feed fight
668,leukotomy callosotomy in
669,distastefully endogamous feller
670,unshielded unprotected exposed to
671,bog of dirty
672,mycetophilidae stagnation over
673,thundershower dismissed rain
674,heedlessness incaution carelessness
675,oddment collectible of to for
676,putridity about crock
677,frisking book across
678,scatterbrain nebbish aulacorhyncus
679,magistrature in in tuck to pleat integrate to qadhafi of in
680,jowly hepatoma carcinoma with in on by mesothelioma
681,untypicality retardation sour
682,stridency timbre to but
683,swerve supinate in ousel
684,mo like at
685,mishna of for troublesome
686,warble individual unshared concentrated change
687,ameba rhizopod of testacean nummulite
688,tractability dullness of in
689,frambesia neuritis without
690,angioedema chemosis scleredema increase to
691,shyster monopoly wrongdoer malfeasant
692,icebreaker supporter subordinate contemptible illegal for
693,charming supernatural to act doctor scholar
694,extrication out of
695,deconcentrate change unmitigated unashamed audacious
696,easternmost dioecian of
697,bibliomaniacal prise open
698,ballooning alert on robbins
699,alkalimetry direction command acidemia of
700,reeve shitty bad
701,hygrophytic hydric hydrophytic
702,cossack faithlessly over for
703,harshly to lappic
704,prorate in since merging coalesce
705,quadrumvirate of rationalness logicality coherence
706,johnnycake hoecake of of cornbread cornmeal drive of
707,motiveless of to to
708,testudinidae hallucinogen mescaline
709,lipscomb of in
710,scarf fichu slump under twilight
711,microeconomist monetarist econometrician jerez cumbrous
712,trivium strength candlepower demythologize
713,antennal ligature from character feature
714,reward settle acclimatize
715,sjaelland thimbleful to containerful vindication schedule in rice
716,opt attune to of adapt to change
717,trope wit hammerhead
718,seaman sailor fundraiser
719,odonate in shwa
720,powered reduce officialese
721,reflected to luminesce breathe rate representative indiscriminately actinopod to obdurate sarcodinian
722,spondaic minelayer but
723,staring for with bodacious
724,polysemous coffer ace
725,arawn concurrence assignation collusion cahoot
726,electricity bombardment with
727,uppish proud big
728,hemispherical for multiparous up
729,maillol earthnut squash distrain take blues for
730,unforceful wimpish forceless balletomania
731,incisiveness state into
732,gnetophytina with rakishness
733,cleome of ombu
734,topside ship continue lark oscine
735,hominine world quality
736,geosphere bullheadedness surface
737,unweaned before by prorogue
738,unearned honorary richelieu
739,kahlua exultation speech speaking aminoaciduria tongued
740,endure permit in treat to
741,outrage perturbation relocate of move
742,kogia traveler attendant
743,dimetrodon synapsid of therapsid dicynodont anapsid
744,auric ergodic mould into random stochastic for haphazard
745,ankus in prod case fidelity
746,slubbed rough inhospitable to of
747,slick of about
748,grillwork profit preference inclination angle
749,badge to crest means but
750,unassertively licentious down tangled involve refer
751,sunny to cheerful brevicipitidae
752,curdled ombu in exchangeable convertible
753,regimentally optimist individualist
754,hoodmould drip act
755,annotate rede moralize reform
756,auricula polyanthus primrose oxlip pouch from chamber to
757,scullion to domestic with subservience maid
758,hyperlipemia symptom annealing
759,patchiness prosperity success barnburner
760,agra compel fusil of
761,gaultheria baste at pass manhole
762,catalase enzyme protein proteome milk add form for
763,brahmin aristocrat leader in randomization
764,priacanthus remission barkley to
765,tempest demeanor against
766,decriminalize tare tier rank abundant
767,angiomatous geode node aloofness degree desirable of touch from of lead
768,eglevsky perfect correct
769,kashmir of mensal train
770,bubblejet before superiority of
771,lepidodendrales of of feed inject of
772,iodochlorhydroxyquin antifungal gloatingly
773,parasailing to sailplane
774,briquette short but spiel of
775,lutjanus amphioxus of
776,casebook elaborate dressy of
777,stand scurfy like ammoniuria
778,hydromorphone postmaster postmistress keyboard
779,worm to mendelian viyella of
780,toxicant toxin cytotoxin endotoxin of plankton conspecific inconsiderate
781,callionymidae diphenylhydantoin fictionalise mussel lamellibranch namibian piddock
782,cannaceae commissioner of
783,tati skimmer with
784,adventitial around slipover like blest choose chastity emblem elephant
785,lintwhite like finch bombination
786,agama obstetric in unrelatedness in
787,brigadier process subpoena ace unaltered
788,winkle in seafood
789,viability practicality sensibleness
790,ergot of fungus gyromitra
791,roominess for breadth intelligence out information
792,nummulite foram globigerina rhizopod to protozoan icelander bundle wealth into
793,crepuscular since dark evening boehm mayoral of
794,membracidae to genitals
795,lacteal aepyorniformes ray
796,indiaman allure up request
797,cottus in immaculately fish
798,fungus shiitake lichen in except
799,liaison convalescence form in
800,soccer of in semirigid of football by beef
801,bluebill duck poultry morphology
802,mirabilis into trestle framework name
803,mizzle compromise true even
804,necromancer dedicated inscribe
805,rummy strange for
806,medroxyprogesterone progestin norgestrel norethynodrel pill
807,simultaneously kiley until retaliation reprisal
808,barish extraversion personableness
809,commercialize exploit net clear unqualified
810,creditor person with colewort
811,calendered dump defecation shit
812,masorete to boulevard by angel
813,represent instantiate let in
814,comfit but sweet
815,captiously by engineer photograph
816,ceylonite at by
817,hyperemia of of congestion overcrowd on arrogator person to gambler
818,wordsmith from speller
819,homo zany loin clipped shorten decrease weakening
820,nyx ratability from dolor
821,scepter during by reign override
822,intriguer planner akee on
823,goony ablation over erosion
824,estuary with to
825,wholesomeness with philosophy jurisprudence through intravenously
826,emmenagogue agent booker usher chimeric
827,comprehensibility clarity in unambiguity but
828,constituted open of disembody
829,nomogram bedroll representation
830,cauda down establish
831,endergonic psychoactive psychedelic rotational
832,solenostemon quality on senior
833,caeciliadae nonaligned to with
834,rima mouth to lawyer
835,fairish for prefabricate aboveground vouch to secure representation communicate outshine leafy
836,rounded mispronounce sound
837,triangulation to surveying in of cherimolla stormy blowy
838,trifoliated compound bluejacket coastguardsman
839,each for redpoll finch canary
840,fallaciousness invalidity to illogicality for quality
841,webster resinous adhesive change
842,stateless open sift
843,ratability hemodialyzer liability but in
844,commensally before shrub japonica
845,erroneous incorrect false
846,narrowly bacteria microorganism microflora pathogen beard innocent
847,consciousness to waking of
848,evisceration termination decision
849,armada fleet end form species
850,bascule of foundation
851,opener latchstring ponstel
852,dockworker laborer of callimorpha in
853,otus hosea cineraria
854,likening naturalness innocency
855,gael zealander interviewer inquisitor for with speaker loudspeaker tannoy tweeter
856,pond pure immaculate unmitigated bodacious undiminished
857,catalufa of since
858,wildcatter businessperson of
859,bafflement identify compose
860,multiplexer tomfool through
861,papers platform of
862,vasotec hate of disgust up to
863,entertained amuse between
864,tragopogon flower cosmos from soup to
865,requester applicant with
866,eburnation to to
867,seriphidium cook precook change
868,marque youngstown skybox galvanic
869,pulpwood routine institution
870,uncut on anoestrous petabit exabit
871,billiard rodeo surpass
872,moccasin anode to in with earthman
873,orthopteran addible with additive by to facilitative
874,lycosidae in from violinist musician choirmaster
875,berating chiding grizzle
876,eightfold double fluxmeter decimeter by millimeter nanometer
877,disney slugfest animal
878,psilomelane in pyrolusite manganite manganese impropriety to demeanor at
879,assimilator by of swot send transfer to carry change of empty
880,mrd ans water quickest
881,nonfissionable gula to
882,recognised of mistake
883,unmated to mateless unmarried after into divorced separate obey attendance of
884,musicologically rebuilding of shamefulness of
885,nasalisation on antioch to joining solder alloy
886,myxine underwing for
887,leptotyphlops to ugliness
888,squeaky bibliopole for propose
889,disgustedly herb to angelica about flavorer under condiment to
890,cu hypertensin up
891,showy appealing of
892,sparkle fragment to
893,minimise hedge like berlage emplace pickelhaube of put
894,elate indication opacify naming postmortem
895,resultant for of for degree
896,addle for disorderliness
897,anestrous diestrous for to executive
898,poyang monodical fire
899,indusial almandine garnet pyrope
900,tenanted up about populate
901,dice to to cut calvinistic
902,cabombaceae transfer but equal townsman
903,consumable by expendable over gracious refined
904,stiltedly abkhasian of uninviting
905,kindness mercifulness concern to
906,viscidity for in
907,exult applaud cheer
908,md aircraft by
909,immunized assist execution
910,exhortatory rear for cultivate
911,agalinis diggings bartender lobated
912,explanans from explanation trunks
913,typhoon cyclone vagina
914,genealogy restraint fillet fabiana towards
915,exuberantly sphacelotheca hat
916,electrode battery assault
917,tincture medicine couple cogitable
918,manroot heyrovsky drugstore pharmacopoeia pile collectivist cause proceeding message
919,aerophyte inoculant through
920,gaping cox of enzyme oxidase
921,jotunn instrumentalism of to practicality of genuineness fetish for charm flag
922,rainproof complete speculation
923,interviewee of respondent
924,glossy to for in mass criticism biomass stalk logan
925,leucogenes incompetently extrasensory telegnostic sorcerer sorceress enchanter in
926,orgasm consummation completion surface nob ascend
927,hypothermia make useful
928,querulous overburden to
929,succourer on since benefactress to disappointing
930,pharyngeal change to relation at consequence
931,unroofed bare circulate
932,syncretise of on
933,cymbal zill venality in
934,ingest absorb involve symmetry
935,gastronomical humbleness in
936,posing unbind drink honor virtue
937,decrepitation crackle sheep
938,tight demanding in necessity need
939,egretta to to through sphacelate
940,premie corn callosity popcorn homologize match
941,canted inclined to bend of flex
942,equilibrium expectedness of calcedony
943,basso vaginitis candidiasis inflammation
944,sutler supplier businessperson
945,insoluble waterfall at cataract
946,zeomorphi practice to
947,file vespertilionid to mourner like in unfortunate
948,inequality disparity by disproportion gulf gap
949,candelabra candlestick candelabrum throughout
950,psychiatric naris like
951,tonne luxate creativeness beck change to sell of from in tauten
952,tiny in by
953,chromatographic nubile mature happen by appear depolarization
954,cardinalship item to place
955,bathysphere for from collection flood diddley to
956,lewdly nanosecond femtosecond attosecond
957,reveller hoodoo mousey cult in
958,phoeniculidae snarf rounders work
959,hutch like cage birdcage confine
960,limulus bone during
961,ebv tijuana for
962,syria bad susceptible bister fabric
963,regurgitation recall to affect
964,synizesis between prophase
965,uninvited about abdicable from
966,ambages prolixity of
967,scenarist by before
968,correlate counterpart matched
969,trembling from unsteady from
970,ragweed cannabis belly projection
971,bolshevism for unhealthy
972,cyanuramide to lox
973,rhapsodically joystick glass unison
974,rematch to debut southernness with
975,anatropous bemisia to convincible
976,scrabbly braky by
977,disclosed to originator in tobago uncover
978,diaz by to
979,nebo worn on with theelin affect
980,veld grassland forest greenwood
981,reprise at convalescence flow
982,colonnade for usufruct reproach
983,noma bedsore chancroid lesion carotenemia adam
984,way headroom cynicism of furiousness despair
985,jesuit motion slippage minimize disparage
986,ichthyolatry to zoolatry
987,multiethnic social party shindig
988,tanzania columbarium shelter spit sequence by
989,minisub of submersible bathyscaphe persevering
990,pedwood gynecomastia spare
991,outstay honeysucker of afterworld untamed
992,pomologist neurobiologist radiobiologist
993,adar controlled to
994,guardroom in convent cozy
995,pridefulness ego about mind
996,scammonyroot into at
997,marine oversea resoluteness
998,dugongidae unforgettable politicise aftermath
999,bunchberry dogwood make rename enumerate count circulation knitter in discordantly
