,0
0,the tempest
1,fugue
2,kinfolk
3,three novels
4,bittersweet
5,wag wag wag
6,through the behring strait
7,the anniversary and other stories
8,the wittenbergs
9,the road to omaha
10,the eloquence of blood
11,momentum
12,the winterlake haunting
13,quentin durward
14,cliffhanger
15,weezer the sneezer finds a home
16,carlos charles
17,little fuzzy
18,catch him with dragons
19,the fox girl and the white gazelle
20,a window in thrums
21,the paiute trail
22,anzac ted
23,trail of crumbs
24,not all bastards are from vienna
25,the sins of the mother a novel
26,toast
27,bedtime stories
28,the very thought of you
29,courting midnight
30,the disagreeable man
31,the larkspur conspiracy
32,a crystal meth memoir
33,the sunne in splendour
34,pulp
35,a charmed life
36,great gadgets
37,unzipped
38,wriggle
39,engaged to love
40,the memory tree
41,the three little puppies and the big bad flea
42,sequestered hearts
43,the camomile
44,good murder
45,the controversial stool
46,frigid
47,design of lithium air batteries with aqueous electrolyte
48,riser
49,undefended borders
50,a study of two methods to increase the efficiency of the species composition survey
51,the power
52,nightmare army
53,stories about animals
54,the story of rosie redbird
55,serpio the slithering shadow
56,meet the robots
57,kingdom come
58,of eternal life
59,final session
60,horse shoe bottoms
61,spiraling
62,dark lady
63,tales of the road
64,unplugged
65,texas angel
66,children of the covered wagon
67,tales of a traveller
68,the best bad things
69,the electric michelangelo
70,going monstering
71,all night long
72,the haunting
73,menorah
74,inanna of tiamat
75,gutter tragedies
76,stoned
77,the impulsive masquerade
78,the chance
79,silver womb
80,dearest rivals
81,gangrene
82,roaming wild
83,the final caliph
84,great expectations
85,the hill
86,the woman who died a lot
87,illicit night with the greek
88,the golden helix
89,nil by mouth
90,alsoomse and wanchese
91,amaryllis
92,gingersnap
93,renegade of callisto
94,tame
95,milk
96,the shadow of a smile
97,awol in north africa
98,textual relations
99,border lord
100,the life and adventures of martin chuzzlewit
101,radiant
102,the life and opinions of tristram shandy
103,predator
104,the entire original maupassant short stories
105,viking unchained
106,the legacy of lancaster trilogy
107,of godlike power
108,coloured lights
109,the angel
110,lightning flower
111,the red collar
112,the piano
113,land of golden wattle
114,justine
115,red mesa
116,the color purple
117,carnivalesque
118,a raindrop
119,morning on the wissahiccon
120,the spanish armada
121,mat
122,the section
123,court of nightfall
124,in the days of the guilds
125,fatal formula
126,cantabrigian tales
127,the hardships of a kansas homesteader
128,pantheon
129,delirium
130,the levant trilogy
131,stardust of yesterday
132,i can predict the future
133,perfume of provence
134,lady leatherneck
135,brutality
136,the porcelain pepper pot
137,the reindeer wish
138,the matrix
139,orange down under
140,not for me
141,the glassblower
142,the black crusade
143,the fabulous manticora
144,inherited fear
145,love and glory
146,then will the great ocean wash deep above
147,the heavenly village
148,look
149,work for a million
150,methods of confinement
151,cheating at canasta
152,fident au cirque
153,the valentine
154,property
155,playing the part
156,just vernon
157,the long way home
158,what dog knows
159,the scallywag
160,brief interviews with hideous men
161,when i feel angry
162,the oaken door
163,true enough
164,the tamale list
165,a flamboyant disarray of dreams
166,city of grit and gold
167,gain and loss
168,a proper companion
169,the dragnet
170,double tap
171,trooping the colour
172,puerperal eclampsia
173,the essays of virginia woolf
174,five spice street
175,the beneficiary
176,my commute
177,getting over it
178,falling for the rancher
179,the inverted crime
180,the apartment
181,lazy days
182,never dare a wicked earl
183,rose of the adriatic
184,tricky tortoise
185,how the eggplant came to be
186,progeny
187,the comeback
188,half a look of cain
189,sullivan
190,gide
191,wishful thinking
192,dead certainty
193,twas the night before christmas
194,carver
195,dustbin baby
196,the sisters of theta phi kappa
197,alexandria
198,climax
199,anton chekhov selected stories
200,the complete short stories of jack london
201,love hangover
202,fata morgana
203,charge transfer processes across organic
204,chicago pits
205,striving for his own
206,the whole of life
207,kissing kin
208,secretary of frivolous affairs
209,mash
210,marauder
211,a momentary marriage
212,scar tissue
213,the welcome home diner
214,the medusa emerald
215,the lost dragon
216,a change of fortune
217,deviant ways
218,stockholm delete
219,the tale of euan redcap
220,paris
221,mention my name in atlantis
222,pepper
223,timber creek
224,storming the black ice
225,a bitter homecoming
226,ancients of days
227,miss lisa
228,drama and mockery of fate
229,the sorceress of rome
230,caribbean capers
231,breaking windows
232,the wrong man
233,amok
234,rex and lilly schooltime
235,applesauce
236,the sesame street book of numbers
237,the regent of kajola
238,missy my mousey
239,moon in pisces
240,britannia mews
241,the remarkable riderless runaway tricycle
242,a perfect square
243,live and let growl
244,legends of the province house
245,onna rising
246,primary inversion
247,woody
248,husbandry for the single woman
249,the big refit
250,we live in the southwest
251,blindside
252,the last leopard
253,baymac
254,confessions of a decanter
255,the wild kid
256,stories old and new
257,the ecstasy of owen muir
258,the uncertainties of life
259,management
260,frying the flag
261,devon
262,the hound of the baskervilles
263,gentlemen formerly dressed
264,the mark of the assassin
265,a murderous procession
266,quicksand plot
267,my half day
268,the playwright
269,the girl at rosewood hall
270,cutlass empire
271,a not so perfect crime
272,hate list
273,the woodland frolics series
274,hope for valhalla
275,true north
276,caught in a web
277,the quiche and the dead
278,an academic year
279,freddie the frog and the bass clef monster
280,the manners of a pig
281,shiva
282,the story of little black horse
283,pit
284,the meddlers
285,candlemas courtship
286,stinker
287,victor
288,you might be a geezer
289,a sleep and a forgetting
290,the given sacrifice
291,aching for always
292,the cheating curve
293,gator aide
294,life long
295,limited edition
296,the widows guild
297,a ruckus in the garden
298,inconsequent lives
299,king of the benighted
300,recycling george
301,asylum
302,tidal
303,a beautiful life
304,peacekeeping
305,randomly so
306,the crossing
307,sunstroke
308,pleasure
309,the gardener
310,the evil thereof
311,ernie might not quite approve
312,the piercing
313,lakota dawn
314,the last chatelaine
315,tempt the stars
316,the death of an amiable child
317,dust up
318,damaged
319,dark metropolis
320,the umbrella tree
321,the india fan
322,emily climbs
323,paradise city
324,the einstein prophecy
325,the logical foundations of statistical inference
326,passage of arms
327,the scourge
328,bugles on the bighorn
329,orange
330,perfect strangers
331,building natural language generation systems
332,my world of color
333,homesman
334,undetected
335,endless love
336,painting mona lisa
337,voracious
338,the pacific room
339,purge
340,frozen
341,nobody lives forever
342,taste of air
343,a boy from makkah
344,the james boys in minnesota
345,tempting bella
346,the compass
347,secret dragnet
348,chord
349,in search of wagner
350,the coliseum con
351,the sandwich thief
352,the blue fairy book
353,in search of the missing eyelash
354,blossom
355,the cabal
356,purely business
357,the secret beau
358,notell motel ii
359,redeem
360,quake
361,an officer and a gentlewoman
362,biff norris and the clue of the worn saddle
363,the redeemer
364,absolution
365,frontier in functional manufacturing technologies
366,the enchanter completed
367,bandaging the blitz
368,stories of the flood
369,the wild swans
370,eleventh grade burns
371,ginger bear
372,wingman
373,strictly forbidden
374,a mixture of frailties
375,bronze
376,risk
377,the concrete pearl
378,tamara hunney
379,in the clutches of the penguin
380,twill is hungry
381,the highland witch
382,identity
383,space pioneers
384,ashes to asheville
385,batting order
386,the deadly derringer
387,mermaid
388,the scots
389,stories told by the aztecs before the spaniards came
390,the crone
391,peaceful guns
392,the black cabinet
393,the inheritance of being
394,the copy crocs
395,orphan train
396,rangers unite
397,the faulkner reader
398,the desert of wheat
399,unlocked
400,margaret warrener
401,sally
402,owl and the tiger thieves
403,the focus factor
404,double trouble squared
405,psychiatric nurse
406,walled in
407,acquainted with the night stories
408,scorch
409,the pigeon pie
410,knocking the neighbors
411,genuine fraud
412,the china gambit
413,black
414,giant
415,the well of loneliness
416,vassal of el
417,sunset and sawdust
418,the recognitions
419,costa brava
420,moth to the flame
421,on donuts and telekinesis
422,some observations upon fifty cases of subacute bacterial endocarditis
423,the eulogist
424,the visitor
425,roy raccoon
426,the armorer of tyre
427,the oxford harriet beecher stowe reader
428,the golden fox
429,the colonial upstart
430,sting of the honeybee
431,gardens of the moon
432,edgar chirrup
433,into the black nowhere
434,trial by fire
435,visitor
436,combatant
437,soccerland
438,laugh track
439,flesh
440,forever in your embrace
441,dating games
442,dick kent and the malemute mail
443,a novel without lies
444,shaping the ripples
445,mazy
446,the gull
447,the aftermath
448,the bullet trick
449,to die in provence
450,young miles
451,the bone cave
452,hall of fame
453,the annulment
454,the base
455,the secret
456,fiefdom
457,downbeat kill
458,terminal neglect
459,duress
460,illustrated saudi folklore
461,the runaway
462,a witchdance in bavaria
463,rattle
464,clarice bean spells trouble
465,the strangled queen
466,fairy tales and fantastic stories
467,garden of lamentations
468,the darling dahlias and the poinsettia puzzle
469,the magician of samarkand
470,in the stone house
471,slammer
472,collected short stories
473,crisis in urlia
474,lodgepole trail
475,frontier highlander vow of love
476,memories of the thirties
477,hotel juliet
478,ravens
479,stories of the confederate south
480,the psychic
481,rush
482,the golden ass of apuleius
483,classical texts from papyri in the british museum
484,railroad arthur
485,the plain miss burnie
486,intensive caring
487,laughter in the alehouse
488,cast a cold eye
489,the turing machinists
490,olinger stories
491,gaia
492,wedded and parted
493,south of elfrida
494,dam
495,wanda the worrywart
496,savage cut
497,vertigo and other stories
498,my documents
499,revelations of the ruby crystal
500,honours divided
501,the miniaturist
502,quick
503,containment failure
504,summer crossing
505,the bookseller
506,junky
507,off grid
508,silverback
509,secret of the sandhills
510,the works of virgil
511,revving her up
512,the last theorem
513,the iceman
514,bumf
515,left at georgetown
516,historically dead
517,the variable man
518,the immortal fire
519,when the almond tree blossoms
520,sammy keyes and the curse of moustache mary
521,little peter the great
522,the pregnant witness
523,jelly belly
524,hide and sheep
525,tarantula
526,the unbearable lightness of scones
527,the white priory murders
528,the good doctor
529,on the other side
530,lady of the forest
531,collected stories
532,rumor has it
533,hopper
534,the third reel west
535,wailing ghosts
536,anchor man
537,mexico
538,a camel boy
539,a coin for the ferryman
540,the slaves of solitude
541,the general
542,celestial capers
543,jaguarundi
544,nicholas sparks a bend in the road
545,a farm country picnic
546,leftovers
547,the colonized
548,motorcycle enlightenment
549,mickey finn
550,teacup turbulence
551,the substitute
552,tangled vines
553,mummy scares best
554,the shape shifter
555,chicken foot farm
556,folk tales and fables from the gambia
557,drop dead punk
558,under a living sky
559,mat som
560,atlas inutilis
561,how harvey and his friends saved the barn
562,the maharajah and other stories
563,honour thy father
564,blue moon
565,the dedalus book of polish fantasy
566,the best summer
567,lipstick
568,the making of a new zealander
569,the fall of the amazing zalindas
570,unwrapped
571,edged weapons
572,the creakers
573,the return of the native
574,registration caspar
575,quiller balalaika
576,coalescent
577,at the edge of the world
578,the people of the mud in nark the mysterious crocodile
579,fountainhead
580,the parchment scroll
581,the racketeer
582,heroine
583,the score
584,her phoenix heart
585,the analyst
586,a calculated life
587,star maker
588,the gorgon slayer
589,the adventures of paul pry
590,relentless
591,all poorly fish go to doctor tench
592,the mud flat mystery
593,dirty deeds
594,alt ed
595,the secret rocket
596,the sign
597,lunch walks among us
598,david copperfield
599,just grace
600,wheeling and dealing
601,the girdle of kaf
602,stoneface
603,broadsword
604,the past and the punishments
605,global frequency
606,under eastern stars
607,daughters of the storm
608,nowhere people
609,goose of hermogenes
610,fun with zip and zap
611,the outsiders
612,hidden motive
613,nobody
614,a romance of the halifax disaster
615,introducing marquis de sade
616,the trouble with weasels
617,a certain justice
618,a gown of spanish lace
619,what lies in the dark
620,the collected works of william morris
621,microwave cooking
622,when wizards rule
623,the tyrant
624,candide
625,anteater
626,dolphin girl
627,lioness rampant
628,the murderess
629,exception to the rule
630,weekend book of ghosts and horror
631,deadly odds
632,the fraud
633,footfall
634,a manual of carpentry and joinery
635,spider sandwiches
636,imperfect justice
637,eleven hours
638,pit bank wench
639,a blue and golden year
640,esther the gentile
641,robinson
642,the ghost of the lantern lady
643,shaking the shumac tree
644,on ashover hill
645,the executioner
646,her brooding italian boss
647,mirage
648,death count
649,the complete fairy tales and stories
650,the benefactress
651,dark moon
652,the heretic
653,the repossession
654,wings in the wind
655,cremains of the day
656,mad cows
657,defend the castle
658,gobi or shamo
659,the crime lab case
660,the chair
661,the pastoral kitchen
662,the glass prince
663,the low blood sugar cookbook
664,one night with the highlander
665,hoist with her own petard
666,the maidenstone lighthouse
667,slant wise
668,a microscopic analysis of vasculogenesis and sequential development of extracellular matrix in early chick extraembryonic blood vessels
669,asgard
670,delphinium blues
671,bright wampum
672,a station on the path to somewhere better
673,heartwood
674,larvie learns a lesson
675,cross and crescent
676,the corner that held them
677,maralinga
678,knight of flames
679,fatal flaw
680,deadly web
681,a ring to secure his heir
682,the burnt offering
683,let it breathe
684,gold throne in shadow
685,jagua noan
686,almost a bride
687,the foretelling of georgie spider
688,loofah phone
689,the beachhead
690,the secret city
691,two hearted numbat
692,maritime men
693,barefoot season
694,the mcgilley trilogy
695,the lost treasure of talus scree
696,all about fabric printing
697,el nuncio
698,touched
699,a flat iron for a farthing or some passages in the life of an only son
700,the couple next door
701,bridge across the land
702,the bogey hole
703,limits of oceans and seas
704,a holiday for noah
705,bewildered
706,rites of passage
707,creature
708,hug dancing
709,the doctrine of affections
710,datsunland
711,evolution
712,the accompanist
713,lancashire lass
714,jumping to conclusions
715,we can remember it for you wholesale and other stories
716,the sorrows of young werther
717,posy
718,indisputable proof
719,arcadia
720,dragon magic
721,one thousand chestnut trees
722,the last dragonslayer
723,powerhouse
724,the unbecoming of mara dyer
725,free logic
726,sinfully scarred
727,debonnaire
728,five ripe pears
729,if i was a caterpillar
730,blood of the cosmos
731,paved with gold
732,the wedding of the rat family
733,the tomb of doom
734,breach
735,the annoying team
736,all the plagues of hell
737,white out
738,aviation cadet
739,the sometimes spurious travels through times and space of james ovit
740,hard to find
741,the comet seekers
742,the collection
743,inkling
744,succulent prey
745,startrader
746,forget everything
747,hemispheres
748,breeding ground
749,the levant squadron
750,the seed
751,lord quill and other stories
752,final solution
753,corporate america
754,church work
755,cop a feel
756,kacy and the space shuttle secret
757,passionate overture
758,the wyoming heir
759,solid gold seduction
760,birthday girl
761,arms of mercy
762,laying the ghost
763,bump
764,witherwood reform school
765,the long goodbye
766,the spotless pig
767,phoenix
768,the subway murder
769,doggerel
770,the pink lizard
771,the christmas porringer
772,ruthless
773,a disentanglement
774,dark universe
775,triggerman
776,air hostess ann
777,the treasures of tartary
778,the fly flew in
779,making beaded fashion jewellery
780,break
781,the guinea pigs
782,the wonder clock
783,guess how much i love you
784,barong and other short stories
785,the golem and the djinni
786,confabulario and other inventions
787,mermaid in a bowl of tears
788,the temptation of forgiveness
789,demonic obsession
790,the open world
791,night over mexico
792,knuckles up
793,lilac lane
794,cities in flight
795,the black roads
796,dear plutocrat
797,the meaning of anxiety
798,kitchener chaps
799,necropolis
800,the belfry
801,appraisal for murder
802,the last pilgrims
803,the marshmallow incident
804,medusa
805,heat and moisture transfer in freezing and thawing soils
806,the tenth justice
807,puppy love
808,mystery of the crater
809,on elegance while sleeping
810,sunrise in the valley
811,the innocence of father brown
812,target
813,poppy
814,a very quacky christmas
815,rhyming life and death
816,monster of the month club
817,reanimator
818,indelible
819,the parasol protectorate
820,asterix and the soothsayer
821,sophisticated boom boom
822,the oak and the ram
823,mahjong island
824,crimped to death
825,the impact of you
826,mettatron
827,the affair
828,umbra
829,mental pause
830,the lemon
831,latin jazz
832,atlas rising
833,apocalypse and the quest for colonization on mars
834,american soma
835,lead me home
836,tuxedo discovers plimoth planation
837,talking wire
838,the widening stream
839,the crooked house
840,fabrications
841,derby day
842,the unborn
843,a season of goodwill
844,peter pan in kensington gardens
845,doghouse
846,the future navigator
847,some observations on heavy metal concentration in northeastern new brunswick estuarine surficial sediments
848,bo and the night intruder
849,locus solus
850,the word exchange
851,swan prince
852,witch christmas
853,gucci gucci coo
854,hold tight
855,a killer keepsake
856,lament for the afterlife
857,beat the cross
858,the eunuch neferu
859,watch you die
860,the forger
861,avalanche
862,the gironde incident
863,needle in the blood
864,the valiant highlander
865,stories from ancient canaan
866,the boss on redemption road
867,mud pie queen
868,shadows in the smoke
869,confessions of a failed yuppie
870,the liberator
871,generation a
872,staring at the sun
873,the cambridge murders
874,the death sculptor
875,the time to choose
876,promise canyon
877,fascinating wild animals
878,wesley james ruined my life
879,seveneves
880,torchlight
881,el tiro di gracia
882,silly creepy crawlies
883,barney bear in grand performance
884,solar express
885,mangrove lightning
886,ravish her completely
887,prayers of the innocent
888,rite of passage
889,muskie attack
890,nelson
891,donate freely
892,end the fed
893,match ref
894,the anthology
895,the story of an escapade with disproportionate consequences
896,the joyous adventures of aristide pujol
897,a book about feeling more confident
898,enormity
899,man from atlantis
900,the staff
901,kissing carrion
902,tug of war
903,a crucial experiment
904,crossroads and other tales of valdemar
905,burning bright
906,safe house
907,confetti
908,the little brown roadrunner
909,things fall apart
910,mounted police patrol
911,a cat called dog
912,the sandbox
913,the uncertain years
914,lost in the upper hilaritys
915,night of the scrawler
916,the song of us
917,the flockmaster of poison creek
918,the neglected mountain
919,savior
920,grocer greatheart
921,tishomingo blues
922,fortuna chance
923,lesbian love stories
924,the cunning man
925,lubbers afloat
926,the excursion
927,the fire series
928,mantis
929,the medallion
930,the tiger who would be king
931,overcome
932,tog the sporty dog
933,the republic of thieves
934,what you deserve
935,the cortez emerald mystery
936,willy the wimp
937,the harp and the ferryman
938,why dukes say i do
939,a zits guide to living with your teenager
940,his royal princess
941,godstone
942,oliver loving
943,indestructible
944,hanging around penultima gardens
945,in the night of the heat
946,sugar cookie murder
947,the vintage book of latin american stories
948,the provincial lady goes further
949,lefse day
950,angry candy
951,untitled work of fiction
952,navajo courage
953,the rubicon
954,the time before this
955,excessive force
956,the deadly sweet cupboard
957,a brilliant mismatch
958,wormfood
959,harry potter and the deathly hallows
960,book
961,miguel street
962,taking care of mama
963,fathom
964,a belated bride
965,an elegant theory
966,the torturous scheme
967,when the blue shift comes
968,the prince of mount tahan
969,hack
970,equality
971,willow
972,the firm
973,restoration in geometric symbolism
974,groovy granny
975,winter return
976,facets
977,the cell
978,the odyssey
979,murder in paradise
980,a gaggle of geese
981,angel in beijing
982,the lost treasure of the golden sun
983,amnesia
984,twilight guardians
985,screwdriver
986,armageddon sky
987,public relations
988,mr and mrs haddock abroad
989,goodnight moon
990,simoon
991,the silent rebel
992,airtight
993,seriously organised crime
994,escaping revolution
995,sometimes quickly
996,dishonourable intent
997,white hibiscus
998,snakehead
999,how frogmouth found her home
1000,loco
1001,mary barton
1002,blue sky
1003,immediate release
1004,great scientists
1005,tintin in the congo
1006,sacred writings in two volumes
1007,the fantabulous fens
1008,alaskan renegade
1009,we build a climber
1010,turbulent priests
1011,the panty junkyard
1012,the phantom tourer
1013,sweet clarinet
1014,wolfsbane
1015,la jirafa que le tenia miedo a las alturas
1016,blood med
1017,middy and ensign
1018,a far cry from kensington
1019,a very unconventional christmas
1020,keeper
1021,a dovetale press adaptation of a christmas carol by charles dickens
1022,best adventure stories
1023,impostor
1024,wormwood
1025,son of the black sword
1026,targets of opportunity
1027,the constant gardener
1028,earthly possessions
1029,senior prom
1030,mystery of coyote canyon
1031,the year of the currawong
1032,the platoon
1033,sixteen
1034,the void
1035,one is a pinata
1036,the washington alphabet book
1037,rings
1038,contrary pleasure
1039,my torturess
1040,mom in the making
1041,the hope within
1042,a wind river romance
1043,interview with the vampire
1044,the culprits
1045,chalet on the cliff
1046,the cigar roller
1047,death benefit
1048,heartsease
1049,contemporary chinese short stories
1050,resurrection
1051,the howling delve
1052,the lady by his side
1053,the secret intensity of everyday life
1054,the bridge over the river kwai
1055,the chimney sweeper
1056,the job
1057,the chick palace
1058,beijing
1059,the gazebo
1060,great american short stories
1061,linear equations
1062,hang the men high
1063,the raindrop
1064,the ballroom class
1065,objects for deployment
1066,the teahouse of the august moon
1067,until there was you
1068,andrew
1069,the paddle
1070,someone new
1071,time travelers are schizophrenic
1072,primer of the obsolete
1073,playing
1074,storms of denali
1075,the sibyl in her grave
1076,the locum at larchwood
1077,the boats on the river
1078,falling through the world
1079,ferryboat tommy
1080,silent on the moor
1081,unknown
1082,malayalam short stories
1083,smear and innuendo
1084,the golden apples
1085,recent information on salmon stocks in british columbia
1086,lucky in the corner
1087,geography club
1088,badger boy
1089,the silk tontine
1090,the charmingly clever cousin
1091,trespass
1092,backup
1093,another roadside attraction
1094,llama llama jingle bells
1095,that unheard whimper
1096,a rat in a stripy sock
1097,love and others words
1098,the funny guy
1099,the right kind of reckless
1100,wiener wolf
1101,the easygoing
1102,the tin drum
1103,every man for himself
1104,the jet
1105,season of the spider
1106,fishnet
1107,an illuminated history of the future
1108,the vineyard
1109,a week in the life of corinth
1110,offspring
1111,the dodgson chronicles
1112,head full of mountains
1113,toxin
1114,the stool
1115,all decent animals
1116,brandenburg
1117,christmas rose
1118,change
1119,moonseed
1120,cajun waltz
1121,styx
1122,lesson plans
1123,the cooler
1124,grandpa was an astronaut
1125,the anteroom
1126,slide
1127,the stoned apocalypse
1128,the steel tsar
1129,the raft
1130,blink of an eye
1131,the yage letters
1132,the digital plague
1133,redemption point
1134,final justice at adobe wells
1135,the missing hydrangeas
1136,blood of montenegro
1137,the white cockatoo
1138,wild life
1139,angelique
1140,roast eggs
1141,conquering and to conquer
1142,the betel nut tree mystery
1143,asbaran solutions
1144,beady bear
1145,the giving
1146,never boil your alarm clock
1147,the airship
1148,thirteen
1149,free to learn
1150,casting off
1151,the martyrdom
1152,the coal gatherer
1153,disneyland
1154,yankee doodle
1155,dangerous
1156,pillion riders
1157,jesus
1158,cagehero
1159,folk tales of india
1160,in berkshire with the wild flowers
1161,rosabelle shaw
1162,the trouble with sexy
1163,bondage included
1164,the flowered apron
1165,the fling
1166,challenge
1167,hunter killer
1168,staying out of the midday sun
1169,acoustic rooster and his barnyard band
1170,klondike wedding
1171,anna and the bagpiper
1172,the miss hereford stories
1173,the seven
1174,gooey gum is not for chewing
1175,hitting the brakes
1176,the case of the abominable snowman
1177,bathsheba
1178,the sweetest thing
1179,filthy lies
1180,big girl small
1181,a striving after wind
1182,the firethorn crown
1183,dragon heart
1184,different
1185,pleasure control
1186,perfect timing
1187,in his own image
1188,green pants
1189,criminal justice through science fiction
1190,pipe dream
1191,troublesome daughters
1192,great modern catholic short stories
1193,down the aisle
1194,quits
1195,hyperion
1196,chameleon chaos
1197,the flaming corsage
1198,dark sighted
1199,three tales from shakespeare
1200,we few
1201,the convergence
1202,joy
1203,journey not to end
1204,second variety and other classic stories
1205,lord of the flies
1206,belize secret service sarin project
1207,stupid cupids
1208,afternoon rhapsody
1209,anteater on the stairs
1210,the prize
1211,the watermelon seed
1212,female truck driver
1213,love of the game
1214,the last time i saw her
1215,the forty thieves
1216,the khazar codex
1217,the missing minx
1218,the scorpio man
1219,shuffle the shoemaker
1220,blink
1221,mr henry mulligan
1222,chainsaw terror
1223,the view from the fortieth floor
1224,the wooden bowl
1225,love in mid air
1226,the collected stories of hortense calisher
1227,sooner or later
1228,listening to mondrian
1229,the demoniacs
1230,a village dilemma
1231,deer trails and camp tales
1232,falco
1233,mae and the moon
1234,the blue book of hob stories
1235,unthinkable
1236,the noonday devil
1237,helen
1238,jacob have i loved
1239,whitewater wooing
1240,bronte girls
1241,driven
1242,flush
1243,darkscapes
1244,cul de sac tales
1245,the shape stealer
1246,a mighty bitey creature
1247,sliver of light
1248,the black candle
1249,shifting dreams
1250,moonshadow man
1251,one small girl
1252,maverick marshal
1253,sacrament
1254,scared stiff
1255,the spymaster
1256,pearl
1257,sweet creek holler
1258,jetsam journey
1259,thrice upon a marigold
1260,overload
1261,the greedy triangle
1262,rosie revere and the raucous riveters
1263,the outlanders
1264,dayspring
1265,nanny
1266,a suitable match
1267,the collected short stories of harriette simpson arnow
1268,gunfight at eagle springs
1269,doggy style
1270,hagiography of narcisa the beautiful
1271,closing costs
1272,white devils
1273,chocolate cake for breakfast
1274,contact sport
1275,sugarplum dead
1276,the downfall
1277,comedown
1278,the wingman
1279,more stories of the old duck hunters
1280,the canuck werewolf
1281,amice and the mercenary
1282,extra indians
1283,family album
1284,cooperation
1285,the orchards of ithaca
1286,the wounded buzzard on christmas eve
1287,cozy
1288,the bourne legacy
1289,the mighty walzer
1290,a place of confinement
1291,lords of dyscrasia
1292,the prophetess
1293,the smasher
1294,the cattleman
1295,tickle
1296,missouri homestead
1297,sabotage
1298,bavarian overture
1299,shockingly sensual
1300,the sword of mali mani
1301,juggernaut
1302,like a hole in the head
1303,a shore pavane
1304,saturday love
1305,driftwood
1306,the white tiger
1307,the abortionist
1308,my humongous hamster goes to school
1309,damnation
1310,the dermis probe
1311,frost in the orchard
1312,bright shiny things
1313,the mighty bunyips
1314,bitter suite
1315,fear itself
1316,selected stories
1317,a shabby genteel story
1318,bonfire confessions of the asshole club
1319,sacrilege in malaya
1320,samuel
1321,sing you home
1322,the flathead saloon and cathouse
1323,the rogue of the remove
1324,the killer next door
1325,the weekend
1326,peter and the wolf
1327,tantalus zero
1328,the cave
1329,footeye
1330,the jewels of paradise
1331,ajax
1332,advencer si peniup ney
1333,the gambling man
1334,quintupled
1335,assignment fenland
1336,the widowed bride
1337,altai
1338,pairing off
1339,offerings
1340,skater chicks
1341,the scarecrow
1342,the troubler
1343,twisting topeka
1344,a popular schoolgirl
1345,my beautiful bus
1346,the key to the indian
1347,refusal
1348,the spa
1349,sosenuto and allegro
1350,finding roanoak
1351,the complete novels
1352,the bamboo flute
1353,nobody lives for ever
1354,reconnaissance
1355,throwback
1356,chlorendic acid and anhydride
1357,ostriches and marijuana
1358,deathless
1359,jinx
1360,vanishing point
1361,betrothed
1362,proximity
1363,proselyte
1364,rattus norvegicus
1365,heathens idolize school prayer
1366,on assignment to bahrein
1367,the ark
1368,my life as a smashed burrito with extra hot sauce
1369,probable cause
1370,the the virtuous viscount
1371,the magic school bus builds the statue of liberty
1372,hybrid
1373,the charioteer
1374,the dawn of skye
1375,a good peace
1376,the third secret
1377,faster
1378,casebook
1379,clothesline
1380,arctic white
1381,ramrod
1382,the unstoppable ramona and beezus
1383,erupt
1384,a wombat called warren
1385,worlds of the wall
1386,christmas at dumpster corral
1387,clash of empires
1388,the magic telescope
1389,tales from ceylon
1390,knitter in his natural habitat
1391,christmas at saddle creek
1392,isolated judgment
1393,demonstration
1394,a dream date with di
1395,the stone beach
1396,the orchard
1397,branded
1398,generals die in bed
1399,narc
1400,the rabbi who flew
1401,monday stories
1402,the golden mean
1403,the girl on the page
1404,deep waters
1405,fresh mint with lemon
1406,transubstantiate
1407,magic mayhem
1408,unmade
1409,the end of travel
1410,all in the seasoning
1411,desperate measures
1412,little fires everywhere
1413,indignation
1414,amply rewarded
1415,rhyme
1416,the wandering arm
1417,cat in an ultramarine scheme
1418,the ivory talisman
1419,the getaway
1420,riptide
1421,the baby the billionaire demands
1422,superted and the pothole rescue
1423,the memoirs of sherlock holmes
1424,the true story of ah q
1425,tyrant
1426,foreshock
1427,the twelve clues of christmas
1428,tales of the great beasts
1429,adult games
1430,ashes
1431,saving grad
1432,mills
1433,echo
1434,mercy
1435,serengeti
1436,eric needs stitches
1437,bengal nights
1438,the doomsday exhibit
1439,lowboy
1440,captain fracasse
1441,wired
1442,a reclusive vampire
1443,sweet and low
1444,my kindergarten
1445,her sheriff bodyguard
1446,under the corsican
1447,the temperament of thomasina
1448,gifts from the heart
1449,service of all the dead
1450,the watsonville sonata
1451,the deptford trilogy
1452,hotter than hell
1453,the dream of the broken horses
1454,grease monkey
1455,sex in a sidecar
1456,fall on your knees
1457,karen
1458,la tasse de saxe
1459,rollo in naples
1460,the fish can sing
1461,juniper
1462,the servitude of love
1463,the woman in the wing
1464,the sleepover
1465,flower children
1466,going to mecca
1467,echo of the boom
1468,house of assassins
1469,old friends are the best
1470,mcgrave
1471,fox on stage
1472,snotty bumstead the hostage
1473,the turning
1474,the ring
1475,penni in vegetaria
1476,charades
1477,implosion
1478,aquanaut
1479,at home in the big woods
1480,tight
1481,the pudding
1482,smoke
1483,percy the purple paperclip
1484,the turbulent term of tyke tiler
1485,death in ecstasy
1486,royal yankee
1487,an improper affair
1488,suburban insurgent
1489,keep you safe
1490,two sighted
1491,parang kayo pero hindi
1492,primrose
1493,behind closed doors
1494,waterborne
1495,dealing with dragons
1496,hanukkah bear
1497,jaguar
1498,the christmas cat
1499,the travelling kind
1500,faraway dream
1501,tom tit tot
1502,the silicon valley connection
1503,on the corner of love and hate
1504,the magic horse fiddle
1505,orient
1506,raising hope
1507,austensibly ordinary
1508,hans of iceland
1509,idoru
1510,flapjack and the magic buttercup
1511,wobbly wheels
1512,the songwriter
1513,pale kings and princes
1514,count robert of paris
1515,american youth
1516,deliver me from temptation
1517,dreamland
1518,strangers with the same dream
1519,what girls are made of
1520,simply divine
1521,the ninth gland
1522,the buried
1523,savage sanctuary
1524,the wilderness hut
1525,renewing lost love
1526,the anchor book of modern arabic fiction
1527,baby talk
1528,the last light of the sun
1529,letters of a dakota divorcee
1530,evil brain chips
1531,fins are forever
1532,the islands of the blessed
1533,powwow time
1534,gastric cytology
1535,a secret shared
1536,normance
1537,the yawning game
1538,miscellaneous stories for children
1539,flannel flower babies
1540,the purge of tremors
1541,a young macedonian in the army of alexander the great
1542,the outback
1543,the beard
1544,accelerated paces travels across borders and other imaginary boundaries
1545,forerunner foray
1546,the weight of winter
1547,insignia
1548,big
1549,surrender the past
1550,the wizard of the turf
1551,gnome from nome
1552,surprise at yorktown
1553,leading from the front no excuse leadership tactics for women
1554,autonomy
1555,amphisbaena
1556,broken monsters
1557,rick is sick
1558,the possible impossibles of ikkyu the wise
1559,ordinary heroes
1560,out of step
1561,the distance
1562,the path to kitty islet
1563,the bastard prince
1564,the ninth nightmare
1565,bony puzzle
1566,the last heroes
1567,tropisms
1568,the whisper of the river
1569,beyond
1570,his serene highness
1571,dangling noose
1572,the giraffe numbers book
1573,sunrise behind the louvre
1574,the quest for the holey pail
1575,auricula meretricula
1576,the singing
1577,snippy and snappy
1578,a fraction of the whole
1579,sculptured melodies
1580,vortex
1581,rat
1582,afterglow
1583,cashflow quadrant
1584,emily windsnap and the monster from the deep
1585,the heroic garrison
1586,the american senator
1587,bod and breakfast
1588,exterminated angel
1589,when the snow comes
1590,poe
1591,the haunted house
1592,deadly game
1593,surf summer
1594,touching forever
1595,the light fantastic
1596,sanctuary line
1597,the crowd
1598,the sceptic
1599,heavy gilt
1600,an empire unacquainted with defeat
1601,rival
1602,refugee tales
1603,spire
1604,the gleaner
1605,the billionaire of bluebonnet
1606,the last warden
1607,molecular analysis of selected rhizopus species
1608,clever duck
1609,love
1610,dwell in the wilderness
1611,clover
1612,filbert the good little fiend
1613,all about me
1614,told under the magic umbrella
1615,departure
1616,the peacemakers
1617,conversations with stalin
1618,the killing
1619,hunting the eagles
1620,imminence
1621,women
1622,carnival
1623,transcendent
1624,unshaken
1625,the killing hour
1626,chromatin structure and gene expression
1627,the wild rose of kilgannon
1628,numbering stars
1629,the journey home
1630,voice of gods
1631,the mentor
1632,abraham
1633,the king and the kiang
1634,the ascent of eli israel and other stories
1635,manila bay
1636,unlucky
1637,guantanamo boy
1638,the watchmaker who saved christmas
1639,the interview
1640,wolf on the fold
1641,the transcriber
1642,the amazing adventures of bumblebee boy
1643,flash forward
1644,links
1645,anna and the king of siam
1646,the passion and redemption of freddie nutter
1647,this way up
1648,the stinky truth
1649,the enchanted island of yew
1650,the unlikely romance of kate bjorkman
1651,flibbity jibbit and the key keeper
1652,the female man
1653,the space race
1654,everything she thought she wanted
1655,five go to mystery moor
1656,sanctus reach
1657,houseboat mystery
1658,the tetherball
1659,about three regional novels
1660,free throw fail
1661,mouse
1662,the rapist
1663,the cloud
1664,laurian vale
1665,madmen must
1666,teaser and the firecat
1667,an affair to dismember
1668,quadrille
1669,pastorals of dorset
1670,faraway places
1671,mute
1672,galactic empires
1673,careless love
1674,the risk pool
1675,barring complications
1676,the moonlike
1677,the scout
1678,the cooler king
1679,left of africa
1680,volkswagen beetle cabriolet
1681,high heat
1682,picturing perfect
1683,the marriage medallion
1684,bliss
1685,summer breeze
1686,cross fire
1687,indebted
1688,desolation jones
1689,blind descent
1690,flying eagle cliff
1691,eagles in the storm
1692,the cheerleader
1693,wrongfully accused
1694,earthy life
1695,sorry
1696,generative approaches to finnic and saami linguistics
1697,the secret loves of geeks
1698,survive
1699,out of the blu
1700,inherited decadence
1701,pony
1702,fiction for the rest of us
1703,wardok the sky terror
1704,the taxidermist
1705,casablanca
1706,the enchanting evil
1707,curse of mansa musa
1708,ask not
1709,the incomes of ethnic minorities
1710,the devlin witch
1711,catalyst
1712,the ravenous
1713,how to seduce a sinner
1714,habitat
1715,the collected novels and stories of guy de maupassant
1716,the death of friends
1717,unspoken love
1718,justin and the big fight
1719,the octopus
1720,north to prosperity
1721,the one memory of flora banks
1722,grow up
1723,fire djinn
1724,once upon a maiden lane
1725,close enough to touch
1726,the sandalwood tree
1727,mend
1728,lost in space
1729,dangerous music
1730,a novena for murder
1731,currency of the heart
1732,dancer
1733,sir nigel
1734,an enlightening quiche
1735,conviction
1736,hyde
1737,the barnyard song
1738,barry desmond is a wanker
1739,dishonour
1740,the narrowboat girl
1741,the doubtful doctor
1742,an american miscellany
1743,dead of spring
1744,carbon
1745,hotel world
1746,the arc of the swallow
1747,tight squeeze
1748,walking on trampolines
1749,the kingdom within
1750,all the names
1751,the reluctant fundamentalist
1752,the time machine
1753,colors everywhere
1754,trash
1755,the spawning grounds
1756,covert catastrophe
1757,sons and daughters of ease and plenty
1758,tam lin
1759,tycoon
1760,time in advance
1761,the red raincoat
1762,fifteen love stories under the florida sun
1763,epitaph
1764,the way we live now
1765,lucky jim
1766,the adventures of the black girl in her search for god
1767,a dickens anthology
1768,beaded dresses mystery
1769,letters from a honkey tonker
1770,the encounter
1771,close quarters
1772,making aliyah
1773,animal crackers
1774,the land of pink trees
1775,june bugg
1776,noisy city night
1777,spice
1778,tewodros ii of abyssinia
1779,new guinea moon
1780,wyoming rugged
1781,autumn
1782,a bottle in the gaza sea
1783,sister of rogues
1784,west of railhead
1785,a million blessings
1786,een gat in mijn emmer
1787,the librarian
1788,on the run
1789,the last of our kind
1790,vampire cursed
1791,hack and whack
1792,the franciscan conspiracy
1793,the hessian
1794,deceit
1795,the saucepan journey
1796,pegasus
1797,blind expectations
1798,the exile
1799,death under sail
1800,spirou in new york
1801,bollywood deception
1802,suddenly starstruck
1803,floppy ears
1804,journey to the center
1805,distance
1806,planes at the airport
1807,legends of goa
1808,the school gate survival guide
1809,the newspaperman
1810,fixing cars
1811,the vacancy
1812,compromising positions
1813,the red pony
1814,lawful escort
1815,on top of the world
1816,the tower
1817,a question of trust
1818,not that kind of girl
1819,focusing
1820,the doofus omnibus
1821,the baseless fabric
1822,the finer grain
1823,the rebellion of ran chatham
1824,homage to blenholt
1825,the office
1826,a spaniard in the works
1827,give a goat
1828,bad reputation
1829,murder at archly manor
1830,moondog
1831,the last of her kind
1832,the puzzle of the blue banderilla
1833,the silent multitude
1834,life mask
1835,the chemistry of death
1836,pageant
1837,the yawning heights
1838,in the far north
1839,gymnast girl
1840,into the dark forest
1841,beguiling ways
1842,handy mandy in oz
1843,mae
1844,saturday
1845,top teen stories
1846,the autobiography of a married woman
1847,the emigrant
1848,gerard
1849,the missing piece
1850,robyn carr medieval box set
1851,the book of gold leaves
1852,the song of the pongo
1853,nappy hair
1854,ruth the sleuth and the messy room
1855,a head with wings
1856,corpse suzette
1857,the mule who refused to budge
1858,amended dreams
1859,smolder
1860,bahay kubo
1861,the surrender of lacy morgan
1862,the best of gival press short stories
1863,the maze runner series complete collection
1864,buccaneer
1865,london lodgings
1866,true detective tales
1867,the muddle
1868,an oxford tragedy
1869,the vengeance of the tau
1870,no good deed
1871,naomi
1872,digging for dinosaurs
1873,the ancestor
1874,warrior princess
1875,a spinner in the sun
1876,tomato
1877,trauma
1878,the first mountain man
1879,bear needs help
1880,a lady of quality
1881,my grumpy day
1882,the ring of five dragons
1883,max helps out
1884,the complaint
1885,good deeds must be punished
1886,streaming stars
1887,a tale of white rainmakers in square houses
1888,abstract relations
1889,mind of the phoenix
1890,startup andy and the science fair
1891,banana moon
1892,a dangerous liaison
1893,the shining company
1894,bomber boys
1895,paganini
1896,rust
1897,the infiltrator
1898,east of hounslow
1899,stasis
1900,vesicles
1901,the cowardly lion
1902,bollywood striptease
1903,le morte darthur
1904,the deserter
1905,antony and cleopatra
1906,breaking new ground
1907,jobless clueless reckless
1908,the scare
1909,juno
1910,undressing the moon
1911,prime receiver
1912,anathem
1913,coda
1914,the itsy bitsy spider
1915,an echo in the darkness
1916,a very small rebellion
1917,raymie nightingale
1918,stress pattern
1919,frost
1920,drama
1921,new jersey noir
1922,sun boy
1923,the sins of severac bablon
1924,hair raising
1925,on planet fruitcake
1926,the protectors
1927,greeks bearing gifts
1928,north town
1929,wise blood
1930,the inquisitive ghost
1931,the scrapper
1932,shy cinderella
1933,blood and rain
1934,the best of edmond hamilton
1935,the quest begins
1936,the king of good intentions
1937,trig goes ape
1938,mission telemark
1939,solo books
1940,the sopaths
1941,command authority
1942,albert
1943,the downtown day
1944,goldenrod
1945,the charm bracelet
1946,of unsound mind
1947,american apocalypse wastelands
1948,james and the dinosaurs
1949,cover
1950,the price of valour
1951,christ and the resurrection of israel
1952,jonathan haymaker
1953,the elegant gathering of white snows
1954,vodka neat
1955,oriental girls desire romance
1956,cherished
1957,paths of disharmony
1958,the homework
1959,storming heaven
1960,o pusi e sefulu
1961,the gathering dark
1962,the lesbian body
1963,kill ratio
1964,philadelphia blowup
1965,cloak of destiny
1966,masqueraders
1967,the intermittent
1968,thunderstruck
1969,wild card
1970,canned
1971,a fair head of angling stories
1972,the american imperialist
1973,patriot
1974,deadly deception
1975,robin hood of the desert
1976,heritage of darkness
1977,frat girl
1978,the dish
1979,beezus and ramona
1980,time of the butcherbird
1981,his illegitimate heir
1982,the serpent
1983,off the rails moscow to beijing on recumbent bikes
1984,the separation
1985,an impractical passion
1986,daddy sat on a duck
1987,the benefactor
1988,dinner
1989,breakfast special
1990,the son of neptune
1991,masterpiece
1992,the scornful corpse
1993,the temptation of saint anthony
1994,bonds
1995,the agreement
1996,house of all nations
1997,voices airy
1998,the dividend
1999,apocalypse reader
2000,a walk through life
2001,eliminator
2002,penance
2003,cottonwood whispers
2004,an icy reception
2005,scribble
2006,the new york stories of elizabeth hardwick
2007,one rough man
2008,blood and circuses
2009,taking the heat
2010,shmulik paints the town
2011,racked and stacked
2012,the magic image from india
2013,lovesick
2014,the country of the pointed firs and other stories
2015,sunflower
2016,mutual desire
2017,the red room
2018,struck by the texas matchmakers
2019,y no se lo trago la tierra
2020,madame squidley and beanie
2021,loveless love
2022,someplace to be flying
2023,unawares
2024,first to last
2025,kidnapping
2026,matters of the heart
2027,happy daze
2028,cradle
2029,the sins of the cities of the plain
2030,the ministry of poll poorman
2031,the northern lady
2032,many engagements
2033,to hold the bridge
2034,the wolf who cried boy
2035,the slaughterhouse
2036,under the bonnet
2037,atlantis returns
2038,infamy
2039,the student conductor
2040,scarlett and the scratchy moon
2041,living treasures
2042,the chapman report
2043,wild for love
2044,not as we know it
2045,murder in metropolis
2046,on dangerous ground
2047,seal surfer
2048,too many temples
2049,at the table of wolves
2050,brave new world
2051,contusions
2052,the mark of the tala
2053,some bulletin stories
2054,nashville
2055,mirror mirror
2056,the wishing trees
2057,chaucer and the doctor of physic
2058,mourning raga
2059,the bookshop
2060,useless bay
2061,abandon
2062,the curfew
2063,vampire zoo hullabaloo
2064,stygian shores
2065,undiplomatic exit
2066,honorable grandfather
2067,koko and the ghosts
2068,the diary of the attending rays
2069,taking pictures
2070,flashman in the peninsular
2071,sexual misconduct
2072,the ingenue
2073,beyond valour
2074,the pink motel
2075,eradicate
2076,topaz island
2077,down by the dockside
2078,gently bentley
2079,becoming you
2080,the lost despatch
2081,longhorn empire
2082,yellowstone fallout
2083,tinder
2084,weekend special
2085,the gridlock mechanism
2086,crisis
2087,the walkaway clause
2088,the discreet adventure
2089,the spring of the ram
2090,suffering fools
2091,death in the stocks
2092,asterix and the magic carpet
2093,speaking in tongues
2094,the adventures of flash jackson
2095,the pirate takes a bride
2096,lion who had asthma
2097,freighter my partner
2098,the scientist
2099,epidemiology and serology of gynaecological neoplasms in malaysia
2100,kanthapura
2101,weird sisters
2102,the roswell legacy
2103,the traitor baru cormorant
2104,cry at dusk
2105,super justice force
2106,hotel honolulu
2107,too loud lily
2108,devil you know
2109,le nucleaire
2110,the great yellowstone steamboat race
2111,turnabout
2112,a spell for the fulfillment of desire
2113,snitch
2114,the baking life of amelie day
2115,four friends at christmas
2116,the goodly fellowship
2117,the muscle tussle
2118,the house in the tree
2119,slummy mummy
2120,demon dentist
2121,the mammoth book of private eye stories
2122,the becoming
2123,neighboring affairs
2124,beyond the red
2125,stories from de maupassant
2126,dependable dan
2127,the wolf who fell out of a book
2128,the damascus cover
2129,the nether world
2130,safekeeping
2131,the gift
2132,mate bond
2133,eugene aram
2134,marguerite
2135,insurgent
2136,friday night brides
2137,dance with death
2138,identification of petroleum products in water
2139,memoirs of a woman doctor
2140,insecurity
2141,the heart is deceitful above all things
2142,a new home for theresa
2143,death in the dorm
2144,hmong means free
2145,recital
2146,come and see the icebox family
2147,seven second delay
2148,single malt murder
2149,the man without a shadow
2150,the toff in new york
2151,thomas the tank engine
2152,lucy unstrung
2153,frankenstein
2154,in our convent days
2155,border lass
2156,ironstone whirlygig
2157,ghosts of vicksburg
2158,the horseman
2159,the seven dials mystery
2160,the pursuit of mary bennet
2161,humpback goes north
2162,rex
2163,loving
2164,all we ever wanted was everything
2165,murder in the central committee
2166,valentine
2167,lightning
2168,the methuselah factor
2169,the surface
2170,karna the unsung hero of the mahabharata
2171,the zircon collection
2172,the eighth day
2173,the eyewitness
2174,the secret room
2175,winter break wipeout
2176,death stalk
2177,the notebook
2178,prizes
2179,before she dies
2180,our place by the sea
2181,fragments of old comedy
2182,the best of talebones
2183,rx
2184,spice box
2185,the venture
2186,the song of the cardinal
2187,a necessary evil
2188,the stricken heart
2189,murder in the vestibule
2190,pearlie and great aunt garnet
2191,ice and other stories
2192,chairman of fools
2193,stone
2194,zippy beetle
2195,kith and kin
2196,historical reveries
2197,lady of leighton manor
2198,bottleneck
2199,a dog of flanders and other stories
2200,the blue handbag
2201,contrary mary
2202,silent witness
2203,the tau ceti diversion
2204,grind
2205,eugenia lincoln and the unexpected package
2206,a million open doors
2207,escargot
2208,the bank robber
2209,the hammer
2210,far from the madding crowd
2211,the downtown fairy godmother
2212,memory of bones
2213,traveler
2214,enhanced
2215,the messenger
2216,the picture
2217,the corpse exhibition and other stories of iraq
2218,invincible
2219,necessary larceny
2220,her turn to cry
2221,leftover dead
2222,the marshal
2223,floodtide
2224,a wealden round robin
2225,big shot
2226,the leather pushers
2227,the merchantman and the pirate
2228,illuminate
2229,i am charlotte simmons
2230,parental guidance
2231,home to roost
2232,and sons
2233,monsters university
2234,unsuited
2235,memoirs of a muscovite
2236,the guermantes way
2237,under the radar
2238,henry esmond
2239,cattle king for a day
2240,by registered post
2241,firelight
2242,temporally out of order
2243,the mists of avalon
2244,mystic
2245,misremember me
2246,floating theatre
2247,the story of a marriage
2248,deliver us from honor
2249,the ties that bind
2250,the dude
2251,immovable objects
2252,a dangerous man
2253,the child goddess
2254,my theodosia
2255,the guardian
2256,the bawdy bride
2257,milo and millie
2258,the hand i fan with
2259,vulnerability
2260,the long rowing unto morning
2261,elementary murder
2262,lucy and the big bad wolf
2263,the chechen assassination plot
2264,new cardiff
2265,ares
2266,the magificent ambersons
2267,salem falls
2268,divided
2269,mariposa
2270,the hippopotamus marsh
2271,novels and stories
2272,meet the latkes
2273,indian pipes
2274,the crystal of nammu
2275,exposed
2276,down at the dino wash deluxe
2277,the bounty killers
2278,the vintage teacup club
2279,the tewkesbury tomb
2280,the one lunger and other short stories
2281,pride has a fall
2282,juggling act
2283,child of slaughter
2284,the last real cowboy
2285,the dragon scroll
2286,singularity
2287,the royal expectation
2288,the pasta family goes to marinara beach
2289,the crooked stick
2290,all that is solid melts into air
2291,a dream to cling to
2292,nudibranchia
2293,wavering
2294,commitments
2295,best of contemporary mexican fiction
2296,meet the supersons
2297,the tennis menace
2298,the lifter
2299,the mournful demeanour of lieutenant boruvka
2300,hindsight
2301,glamor girls
2302,lost girls
2303,nagasaki
2304,fashioning a romance
2305,full steam ahead
2306,the contender
2307,no mistaking love
2308,dexter
2309,how the universe works at the smallest level
2310,riven
2311,the bushcraft kid
2312,jehad
2313,conjuring destiny
2314,the peasantry
2315,a yankee flier over berlin
2316,rum and coca cola
2317,undead on uranus
2318,retina green
2319,a treacherous paradise
2320,tawny scrawny lion saves the day
2321,lobengula
2322,the danish story book
2323,james miranda barry
2324,intestinal obstruction
2325,slow death at geneva
2326,a marsh island
2327,what wally wanted
2328,worse than death
2329,the recommend
2330,glass houses
2331,the giant playtime nursery book
2332,the prince and the pauper study guide
2333,the attack of the aqua apes
2334,draco
2335,two hundred pounds reward and other tales
2336,the works of algernon charles swinburne
2337,lethal
2338,blah the bacteria
2339,the road to paradise
2340,daniel deronda
2341,gunsmoke and gold
2342,dark dreams
2343,software superslug
2344,acrobat
2345,the romance of antar
2346,tara kane
2347,a year and a day
2348,space platform
2349,holiday pleasures bundle
2350,mongrel doggerel
2351,the untamed argentinian
2352,timothy twinge
2353,speed track
2354,eon
2355,the wooden overcoat
2356,the change
2357,diary of a viagra fiend
2358,hearts in atlantis
2359,rainbows and halos
2360,line
2361,lucid stars
2362,the proposal
2363,west of the wind
2364,flashback
2365,the smuggler
2366,jaguar jungle
2367,inversions
2368,puffy
2369,steppe
2370,beyond abraham
2371,hyperplasia and neoplasia in the prostate
2372,the adventures of tom sawyer
2373,the tenth man
2374,the authoress
2375,nancy makes her mark
2376,fast women
2377,the phoenix unchained
2378,boyface and the power of three and a bit
2379,reindeer mountain
2380,insomnia
2381,a lie i can live with
2382,subway
2383,hearken to the evidence
2384,the spool of life
2385,vernal promises
2386,kentucky sunrise
2387,belchamber
2388,inadmissible passion
2389,shreds
2390,a pale view of hills
2391,a whisker of trouble
2392,the tania carver collection
2393,my aunt and the potted plant and other stories
2394,tropic of capricorn
2395,zed
2396,meadowlark
2397,fireman fred
2398,scruff gooseberry
2399,the secret of the lost necklace and other stories
2400,the glass sentence
2401,fantasy magazine
2402,the wedding
2403,airs beneath the moon
2404,the portable woollcott
2405,major corby and the unidentified flapping object
2406,the slim princess
2407,gamma rift
2408,the werewolf upstairs
2409,scarlet devices
2410,mask of the evergones
2411,the meatman
2412,extreme makeover
2413,the patrioteer
2414,fun and pathos of one life
2415,long shadows
2416,the dot
2417,everyman his own university
2418,dying to remember
2419,the bodley head jack london
2420,the great stone circle
2421,diaspora
2422,duty or desire
2423,under the boardwalk
2424,mutant
2425,the pygmalion complex
2426,sabotage in the sundered sky
2427,the grapevine
2428,mudskipper and the water
2429,gaslighting
2430,overboard
2431,losing touch
2432,the definition of us
2433,elysian fields
2434,the mind of the dolphins
2435,the elves of cintra
2436,just plane murder
2437,quenching of a hollow sphere
2438,la vie en bleu
2439,last notes and other stories
2440,the night watchman
2441,vienna tales
2442,the drumbeater and other stories
2443,tally and squill in a sticky situation
2444,the silver fox
2445,the unworthy thor
2446,the automobile club of egypt
2447,direct radiative and auger muon transfer from muonic hydrogen to helium
2448,the luckiest
2449,the little theatre by the sea
2450,the torch bearers
2451,unimaginable
2452,the stories of ernest dowson
2453,the port of london murders
2454,the dancing floor
2455,the summer we got saved
2456,a separate peace
2457,in bed with her italian boss
2458,the daring escape of the misfit menagerie
2459,the lost world
2460,a necessary end
2461,moonshine and living in the deep south
2462,going coastal
2463,the best of edward abbey
2464,love letters for breakfast
2465,fine feathers do not make fine birds
2466,tabby
2467,the streptococci in relation to scarlet fever
2468,angel
2469,explorers of the new century
2470,the sound of one hand killing
2471,creole holiday
2472,tit for tat
2473,it happened on scrabble sunday
2474,the lotus cup
2475,off kilter
2476,the great collage
2477,sinful love
2478,the silver lining
2479,plane geometry and other affairs of the heart
2480,white cargo
2481,hag head
2482,signora
2483,wicked bite
2484,invincible summer
2485,push
2486,blitz
2487,soulkeeper
2488,the alpinist
2489,infidel
2490,the sinner
2491,the incredible umbrella
2492,masseur
2493,duty and deception
2494,the young prima donna
2495,always arthur
2496,crazy weather
2497,the sleeping doll
2498,duel of hearts
2499,man plus
2500,uncovering the correttis
2501,happy blanket
2502,the feast of all saints
2503,the witch of willow hall
2504,pretending
2505,the sea and the silence
2506,flash
2507,beloved crusader
2508,city in the sun
2509,aquamarine
2510,bb dalton
2511,the cay
2512,the alhambra
2513,two more tales from boro park
2514,an act of villainy
2515,the fated sky
2516,reprise
2517,the engineer reconditioned
2518,the palm
2519,squirt
2520,modern urdu short stories from pakistan
2521,not of this fold
2522,the homeplace
2523,love in the time of apartheid
2524,augmentation
2525,handfuls of hope and faith
2526,the clock of life
2527,longarm and the mark of the cat
2528,the paralyzed kingdom
2529,wildly weird
2530,muddled daze
2531,dream peddler
2532,the persian bride
2533,the journals of sylvia plath
2534,slocum and the slanderer
2535,the comprehension of private copper
2536,letter from poitou
2537,worth the fall
2538,a song on the jukebox
2539,dusk in the catskills
2540,dido
2541,studying is hard
2542,the theory of everything
2543,supernal dawn
2544,watchdog and the coyotes
2545,drape expectations
2546,west for the black hills
2547,lean mean thirteen
2548,captain quad
2549,winchester affidavit
2550,the juggler
2551,connected
2552,handle me
2553,his fiery hoyden
2554,the heritors
2555,rosita
2556,the meln
2557,sioux slaughter
2558,close encounters of the nerd kind
2559,emotional geology
2560,inner circle
2561,the reclusive earl
2562,burn marks
2563,the story of peter and the wolf
2564,the bet
2565,berry and the amazing maze
2566,monkey in the mud
2567,terror in gunsight
2568,courtship rite
2569,the secret funeral of slim jim the snake
2570,visions of cody
2571,jeremy mouse and cat
2572,sleeps six and other stories
2573,old scores
2574,bake sale
2575,antigua kiss
2576,passion play
2577,abra cadaver
2578,hearing
2579,jack of fables
2580,nate by night
2581,pilgrim
2582,timetilter
2583,the beryllium murder
2584,annie lash
2585,the spooky tail of prewitt peacock
2586,the dedalus book of portuguese fantasy
2587,the bulletin blonde
2588,the heart of arethusa
2589,the haunted book
2590,high voltage
2591,into the abyss
2592,entanglement
2593,the wind is not a river
2594,breathe
2595,guardian angels
2596,vietnam
2597,draketown tragedy
2598,the many faces of snoopy
2599,strange impersonation
2600,ripper
2601,player piano
2602,handmaid to midas
2603,selected short stories
2604,my favourite things
2605,snap
2606,remembrance of things past
2607,the test
2608,the amazing adventures of the afterbirth of jesus
2609,rampaging fuckers of everything on the crazy shitting planet of the vomit atmosphere
2610,the jackal of nar
2611,lifestyles of gods and monsters
2612,tempt me at twilight
2613,damsel
2614,pigwig and the crusty diamonds
2615,stolen past
2616,death of the hind legs and other stories
2617,ahimsa
2618,coven queen
2619,deliverance
2620,blood on the reaper
2621,the theory of deviance
2622,dd
2623,the silver vinaigrette
2624,dombey and son
2625,big goof and little goof
2626,the mime order
2627,bombshell
2628,rural bliss
2629,a wily widow
2630,the lure
2631,some bore gifts
2632,the golden gift book
2633,the ecologic secession
2634,field of pleasure
2635,fingernail beach
2636,a cure for the daltons
2637,magic woodcarver stories
2638,never trust a rake
2639,olivia the magical gourd
2640,welcome home
2641,clamor
2642,skylark three
2643,primary
2644,rappahannock line
2645,super oscar
2646,history of manon lescaut and of the chevalier des grieux
2647,godhead
2648,sage
2649,black harvest
2650,alun yr arth ar y mor
2651,disgrace
2652,my lurid past
2653,the three billy goats gruff
2654,the awakening
2655,the love letters of mark twain
2656,contingency plan
2657,fever
2658,heartland
2659,death in the chalkpit
2660,silverdome
2661,thirty shekels
2662,makai
2663,turning tricks
2664,fandango
2665,glamour
2666,the investigation
2667,nostalgia
2668,the volga falls to the caspian sea
2669,a medical miracle
2670,retrospect
2671,petticoat rule
2672,the african bride
2673,the bridesmaid
2674,tom jones
2675,the curate in charge
2676,tithoren and the magic potion of discernment
2677,clock without hands
2678,normy dormy again
2679,the elves and the cloakmaker
2680,rupert
2681,the cutaway
2682,the upper zoo
2683,pirate emperor
2684,fillets of plaice
2685,roundelay
2686,the adventurer
2687,coffee cookery
2688,the flounder
2689,feathers
2690,twin cities noir
2691,the perfect siesta
2692,the jungle
2693,mystery stories
2694,a momentary lapse
2695,queer haunts
2696,the blue moon narthex
2697,about that man
2698,jessamine
2699,giraffe people
2700,the unmourned
2701,the goofy goony guy
2702,upstream in the evening
2703,instructions for a broken heart
2704,anthropology
2705,traveling shoes
2706,when the swallows come again
2707,the wooing of calvin parks
2708,bundle up
2709,bzrk
2710,to all a good night
2711,heaven and hellsbane
2712,the scarlet pimpernel
2713,invasion
2714,things without a name
2715,hotshot
2716,the budapest tradeoff
2717,the journey
2718,breast cancer in families
2719,snapshot
2720,grassy and the magic seed
2721,enough
2722,dick tracy
2723,the wind in the willows
2724,lured by the rich rancher
2725,the thing about jane spring
2726,augusta locke
2727,agent of byzantium
2728,theodore and the talking mushroom
2729,darkness at noon
2730,a mile north of good and evil
2731,the quiddity of delusion
2732,the tinder box
2733,iwo blasted again
2734,one hundred million hearts
2735,lethe
2736,reasonable doubt
2737,taste of torment
2738,the interior
2739,the red velvet turnshoe
2740,black tower
2741,beyond the night
2742,badger
2743,nurse clementine
2744,deep into the game
2745,brighty of the grand canyon
2746,circle of blue
2747,winter of beauty
2748,shadow dawn
2749,the wolf border
2750,helios
2751,madame bovary of the suburbs
2752,characteristics of a variable spaced planar thermionic converter with a tungsten emitter and a niobium collector
2753,one man and his bomb
2754,the wildcats of exeter
2755,the love puzzle
2756,the complete stories of edgar allan poe
2757,the honorary member
2758,into the wild
2759,savor your last breath
2760,circling
2761,fard and nuns at luncheon
2762,the quakers
2763,truth or dare
2764,the new fiction
2765,the apis bull
2766,the malibu
2767,rally race
2768,cable
2769,all up in my business
2770,fabian
2771,coldwater
2772,the outside world
2773,down the wicket
2774,the crooked marshal
2775,the lake
2776,a choice of evils
2777,pinchpenny john
2778,peter called the great
2779,the wedding date
2780,how i spank my wife
2781,the phantasmagorical imperative and other stories
2782,the mystery at the roman colosseum
2783,oreo finds a friend
2784,star struck
2785,the nearsighted giraffe
2786,an empty rosebush
2787,heavenly date and other flirtations
2788,stars over the desert
2789,the old bunch
2790,seedtime
2791,the seduction of moxie
2792,the art of effective dreaming
2793,exit music
2794,the curse of the lamisi
2795,imagining argentina
2796,a loyal character dancer
2797,bluebeard
2798,zygote
2799,marshall hollenzer is driving
2800,speeding tickets
2801,the adjustment
2802,the mighty ants and other cases
2803,bethlehem road
2804,failure
2805,absolutely alfie and the princess wars
2806,thirst
2807,the colony
2808,deceived
2809,ding dong dead
2810,the pied piper of hamelin
2811,sintime beatniks
2812,the convert
2813,destructive obsession
2814,unbalanced accounts
2815,machine
2816,public enemy
2817,a history of childhood and murder
2818,allegiance
2819,worth understanding
2820,flames going out
2821,the chrome suite
2822,my runny valenslime
2823,boffin boy set two
2824,snow angels
2825,bathing ugly
2826,the mammoth book of best horror comics
2827,beautiful bumpkin
2828,lady willpower
2829,the mark and the void
2830,magnus kir
2831,theodicy
2832,the biggest nose
2833,the darkness
2834,guild
2835,the pet shop revolution
2836,long the imperial way
2837,take me home
2838,the riot
2839,black knight in red square
2840,conception of the sphinx
2841,the shrinking man
2842,the women of the souk
2843,the one marvelous thing
2844,adelaide
2845,deadly garland
2846,the trip
2847,how animals build
2848,no easy way out
2849,clever crow
2850,instant fire
2851,cauliflower ears
2852,the quest
2853,sizzle
2854,wrecker
2855,an invitation to sin
2856,chancy and the grand rascal
2857,the unwobbling pivot
2858,the huntress
2859,submerged
2860,fall from grace
2861,ebony chronicles of elevation
2862,ash
2863,a hint of rapture
2864,cornerstone
2865,undiscovered
2866,a fairly honourable defeat
2867,the prime minister
2868,the resurrection
2869,palestine
2870,a hellhound in hollywood
2871,the sewing machine
2872,return to atlantis
2873,the hillbrook stash
2874,the dreadful fluff
2875,bedwetter
2876,mounting fears
2877,beyond brightness
2878,helpful dietary recipes for most intolerances
2879,the dawning
2880,the ingenious edgar jones
2881,the plant
2882,murder benign
2883,the rabbits
2884,the angry wife
2885,offside
2886,with open arms
2887,the legend of sleepy hollow
2888,a praed street dossier
2889,cowtown kidnap
2890,space
2891,the friends
2892,alien in the house
2893,resorting to murder
2894,the runestone incident
2895,the disastrous voyage of the santa margarita
2896,cloudless
2897,hatfield and mccoy
2898,the mutation
2899,second opinion
2900,mustard seed
2901,transmigrations
2902,integrity
2903,disappeared
2904,marley
2905,m for mother
2906,the saga of the aryan race
2907,fluorescent mud
2908,the inconstant moon
2909,the roman
2910,culprit
2911,a london lass
2912,death of an airman
2913,a long time until now
2914,the manchurian candidate
2915,the return of jafar
2916,lunchtime helpers
2917,bang
2918,flash the fish
2919,barricade
2920,candle love
2921,the girl with pinhead parents
2922,crow blue
2923,the romance of tristan and iseult
2924,hands can
2925,the other family
2926,common objects
2927,deluge
2928,honor among seals
2929,reamde
2930,the antiphony
2931,the last snapshot
2932,one unforgettable kiss
2933,the duke of lies
2934,to sprout
2935,the discordant note
2936,two under par
2937,aldo peanut butter
2938,gumdrop is the best
2939,hershey herself
2940,fatal conceit
2941,incensed
2942,the immortal heights
2943,into the little hill
2944,sailors surprised
2945,factions
2946,the postmistress
2947,nurse of the island
2948,tales of the long bow
2949,howl
2950,the editor
2951,the great alta saga
2952,norse stories
2953,just so stories for little children
2954,bodily harm
2955,bottoms away
2956,impacted
2957,a guide for children and adults to cope with temporary hearing loss
2958,selected stories of ernest thompson seton
2959,mirror dreams
2960,the magic christian
2961,the eduadorian deception
2962,gently scandalous
2963,monnew
2964,district doubleheader
2965,cobra
2966,death by sheer torture
2967,the shuttered eye
2968,wanted
2969,when bruce met cyn
2970,morals for moderns
2971,chameleon
2972,wordsworth
2973,wicked witches of the west
2974,ghostly colloquies
2975,the finer points of sausage dogs
2976,the curse of salamander street
2977,the winder path
2978,the wigmaker
2979,the boy with a broken heart
2980,hudson river bracketed
2981,the magistrate of gower
2982,the aurelio zen omnibus
2983,pa jinglebob and the grabble gang
2984,the cook
2985,cold flat junction
2986,kill your boss
2987,refining processes handbook
2988,the mailman
2989,the age of innocence
2990,a torrent of faces
2991,night over java
2992,arty
2993,scandalous
2994,saint george and the dragon
2995,the hidden hollow
2996,the mystery of the several sevens
2997,lily lo and the wonton maker
2998,yukon massacre
2999,cherokee windsong
3000,enigma
3001,the years of rice and salt
3002,the opernball
3003,moody gets the blues
3004,stink city
3005,in search of the okapi a story of adventure in central africa
3006,senseless
3007,red fortress ob der tauber
3008,highland song
3009,rubicon international series bundle
3010,iberian betrayal
3011,songs of the sierras
3012,the tree
3013,brown
3014,rosaluna
3015,reluctantly alice
3016,bruno and the crumhorn
3017,shattered
3018,forecast
3019,the big u
3020,moving in rhythm
3021,the eugenics wars
3022,the poetry of the american civil war
3023,moon light prince
3024,realtime interrupt
3025,tubers
3026,shivering world
3027,the treasure of the sierra madre
3028,mycology
3029,an australian millionaire
3030,coconut unlimited
3031,shadow of the alchemist
3032,the nut
3033,trichotomy
3034,the saga of tanya the evil
3035,the insiders
3036,a modest proposal
3037,the quick and the dead
3038,secret of the time capsule
3039,lindsay
3040,no mercy
3041,ghostfires
3042,a dose of murder
3043,princess decomposia and count spatula
3044,the aristocrat
3045,tiras de papel
3046,tales from sawyerton springs
3047,the stigma
3048,smile if you meet a crocodile
3049,a strand of wampum
3050,the other woman
3051,money musk
3052,kwaidan
3053,the daystar
3054,loving gaze
3055,double whammy
3056,jerusalem poker
3057,cotyledons
3058,lemon meringue pie murder
3059,talbot harland
3060,the index
3061,a new bed for alexia
3062,ten little babies
3063,sawbones
3064,a clueless heart
3065,perfect lives
3066,cam jansen and the mystery of the monster movie
3067,sorority
3068,the mercy boys
3069,bane
3070,my little grandmother often forgets
3071,radiance
3072,the album
3073,to blackmail a di sione
3074,piranha
3075,legion of the damned
3076,they hover over us
3077,dormie one
3078,the deal
3079,swimming
3080,my palestinian village
3081,shooting script
3082,the triton brig
3083,the gunslinger
3084,the interloper
3085,ladies of missalonghi
3086,thoughts
3087,spreadeagle
3088,the fall of south bridge
3089,palinurus
3090,best short shorts
3091,the eternal feminine
3092,burn
3093,the decameron of giovanni boccaccio
3094,ancient light
3095,dragonwell dead
3096,the secret doctrine
3097,daughters of sin box set
3098,brazen
3099,paddy clarke ha ha ha
3100,the love quest of smidgen the snack cake
3101,journey to the underground world
3102,the boy emigrants
3103,the legend of miaoshan
3104,no regrets
3105,lewis percy
3106,the lyre thief
3107,disappointing circus
3108,where the rivers meet
3109,summer secrets at the apple blossom deli
3110,the dough must go on
3111,solemn
3112,alarm at black brake
3113,the unsaid passing
3114,crossover dribble
3115,vex
3116,desiree
3117,lord of the silent
3118,she and the dubious three
3119,libby bloom
3120,gainfully employed in limbo
3121,the line painter
3122,a seat by the hearth
3123,dollar bahu
3124,wild magic
3125,sons and lovers
3126,dark economy
3127,the spell
3128,the pawn
3129,sleight of hand
3130,dancing with bears
3131,being
3132,more than honor
3133,the forty days of musa dagh
3134,invasion of the shag carpet monster
3135,biostimulation and nutrient assessment
3136,triassic trouble
3137,smarter
3138,good enough to eat
3139,electric pikachu boogaloo
3140,christmas traditions at grace chapel inn
3141,wishing for a dragon
3142,the celiac kid
3143,the upper crust
3144,hooked
3145,ride upon the storm
3146,boo
3147,the streets made me a savage
3148,bound for the holidays
3149,after the banquet
3150,eureka
3151,lakeshore christmas
3152,disguised blessing
3153,icecream
3154,kingdom of the wicked
3155,bugs at christmas
3156,the second inspector morse omnibus
3157,cloth of heaven
3158,the dragon dreamer
3159,belonging
3160,whiplash
3161,what remains behind
3162,keeper of the bees
3163,shanghai baby
3164,the secondary target
3165,mccay
3166,monarchy of passion
3167,our lady of the forest
3168,tales of terror
3169,conquerors from the darkness
3170,speed of darkness
3171,fox and fine feathers
3172,the physic garden
3173,leaving lucy pear
3174,the round square chapati and other stories
3175,a girl in the dumpster
3176,a long way to shiloh
3177,timber
3178,spy
3179,a glass eye
3180,lili est amoureuse
3181,man of peace
3182,a little lumpen novelita
3183,jude the obscure
3184,the silent screams from myanmar
3185,trouble on the heath
3186,my future
3187,the first walkabout
3188,ostrich nation
3189,torn apart
3190,sikander
3191,untamed heart
3192,red ibis
3193,mark three
3194,devolution
3195,lord of misrule
3196,the lost bellybutton
3197,blood and honor
3198,suburbia
3199,chaos profiteers
3200,the ironies of life
3201,harmonium
3202,tryst
3203,delusions of grandeur
3204,still
3205,vacancy
3206,orbit
3207,the years of the wolf
3208,vanity fair
3209,brownie
3210,needleweaving and embroidery embellished treasures
3211,allergy and immunology secrets
3212,diversion
3213,works
3214,fate of a prisoner and other stories
3215,whippletree mine
3216,kofi goes back to farm
3217,mirrorworld
3218,madame
3219,arianna kelt and the renegades of time
3220,i thought i was dreaming
3221,the black gryphon
3222,the death of the heart
3223,the unripe gold
3224,relative interest
3225,fledge star
3226,needle in the chest
3227,three short biers
3228,siddhartha
3229,the fallen spaceman
3230,the amazon experiment
3231,we played marbles
3232,the disinherited
3233,polly and the makeover mess
3234,twice a moonshiner
3235,the schumann proof
3236,future leaders of nowhere
3237,crash
3238,have his carcase
3239,whores for gloria
3240,a bowlful of butterflies
3241,chasing midnight
3242,the history of sir richard calmady
3243,the wolf pit
3244,the indescribable nth
3245,download murder
3246,mesopotamia
3247,drowndead
3248,murder at the breakers
3249,flesh crawling tales of old japan
3250,i am yoga
3251,nanjing requiem
3252,unashamed
3253,leo and me
3254,checkout
3255,bulldog drummond meets a murderess
3256,try time
3257,stay
3258,begging for words
3259,the creeper
3260,haunted
3261,fade to black
3262,tart
3263,the book of jamaica
3264,the cabinet
3265,large garbage
3266,equiboomics
3267,thin ice
3268,the four feathers
3269,the godforsaken
3270,night of the living dandelion
3271,to cache a millionaire
3272,nightbringer
3273,the sinking of captain otter
3274,the accident
3275,the turnspit dog
3276,visible city
3277,shimmer
3278,counting
3279,death rides a chestnut mare
3280,cinnamon
3281,and on the eighth day she rested
3282,noumenon infinity
3283,the crime
3284,addict
3285,enclave
3286,tales from goa
3287,the wonderful winter
3288,blackthorn
3289,the visitation
3290,offshore
3291,jacques tabac from lac shellac
3292,reality
3293,divan
3294,try fear
3295,my father is a polar bear
3296,directed by the devil
3297,the book of you
3298,courgette wants to be big
3299,touchdown turmoil
3300,do as botswana does
3301,the straw men
3302,reunion
3303,thou shall not keep me wondering
3304,quite early one morning
3305,death wears a beauty mask and other stories
3306,mocha pleasures
3307,the seventh message
3308,the great pyramid robbery
3309,sea change
3310,we are gathered
3311,poor fool
3312,polygamy and law in contemporary saudi arabia
3313,the damned season
3314,green thoughts and other strange tales
3315,balas de plata
3316,tales in the alhambra
3317,stuck rubber baby
3318,catch me when you fall
3319,kosovo footprints
3320,skirting the grave
3321,hitting into the wind
3322,flee
3323,winner
3324,love has no limits
3325,a little bit dead
3326,the judgment
3327,homeroom headhunters
3328,the peppercorn tree
3329,silent in the sanctuary
3330,princess posey and the first grade parade
3331,the far euphrates
3332,losing isaiah
3333,second time around
3334,the wampum keeper
3335,christmas kisses
3336,maigret meets a milord
3337,the tales of the late ivan petrovich belkin
3338,the hogan
3339,the winter widow
3340,balloon magic
3341,memories and portraits
3342,a rose in the desert
3343,class picture day
3344,quicksilver
3345,barbells and saxophones
3346,angela borgia
3347,and sheep may safely graze
3348,the diagnosis and treatment of laryngeal and tracheal diptheria
3349,justice
3350,final exam
3351,the disastrous little dragon
3352,all we know of heaven
3353,broken wings
3354,the fear institute
3355,charisma
3356,the palace of champions
3357,levi
3358,the ankle grabber
3359,strike force
3360,an ishmaelite indeed
3361,jug
3362,winds of prosperity
3363,elixir
3364,smaller and smaller circles
3365,wooing miss whately
3366,tier pressure
3367,scramcat
3368,the speckled bird
3369,the boy scouts of the geological survey
3370,the major and the pickpocket
3371,the complete ian fleming
3372,the shameless hour
3373,fine tune
3374,my rolling pin
3375,ring of gold
3376,retro
3377,the beast
3378,the original adventures of hank the cowdog
3379,mask of the phantasm
3380,late for school
3381,the eternal footman
3382,the rising
3383,finding our forever
3384,shatter
3385,the terror trail
3386,deadly distrust
3387,cascade
3388,the ram of god and other stories
3389,quickie goes to the big game
3390,corrupting cinderella
3391,the racket
3392,thank you bear
3393,dickie
3394,the big fib
3395,holiday kisses
3396,the accidental beauty queen
3397,wanted by the gestapo
3398,the pull
3399,intent to seduce
3400,possessed
3401,the lonely plough
3402,the lance thrower
3403,a pail of oysters
3404,miserable marabou
3405,paris syndrome
3406,dying flames
3407,rainwater legacy
3408,the crushing of the roses
3409,a wonderful way to learn the language
3410,code name camelot
3411,the queen of the south
3412,long isle iced tea
3413,pathology of the vulva and vagina
3414,hill country reunion
3415,when granny gets mad
3416,silhouette of a sparrow
3417,the case of the defunct adjunct
3418,ancona
3419,watchdog
3420,smoky
3421,internal affairs
3422,a farm story
3423,the hiss hiss miaow miaow tails
3424,the coin
3425,someday the rabbi will leave
3426,to indigo
3427,virginian at venncombe
3428,the red umbrellas
3429,windmill de kat
3430,my grandparents live in an rv
3431,chanel sweethearts
3432,i chose a parson
3433,escape
3434,factotum
3435,the plagiarist
3436,the final addiction
3437,penetralia
3438,american decameron
3439,hummingbird lake
3440,rollo in holland
3441,the master schemer
3442,between the assassinations
3443,the whole voyald and other stories
3444,the myriad society
3445,gale force
3446,jimmie allen and the airmail robbery
3447,my fish does not chirp
3448,chums in dixie or the strange cruise of a motorboat
3449,the hunter
3450,harp of burma
3451,how to lasso a cowboy
3452,somewhere over england
3453,luxembourg
3454,lithium
3455,my brother is a superhero
3456,the count of monte cristo
3457,the last confession of thomas hawkins
3458,ladder in the water and other stories
3459,confessions from a health farm
3460,river of stones
3461,airframe
3462,dough knights and dragons
3463,framed
3464,the secret streams
3465,absent friends
3466,ceaseless
3467,tito
3468,mister johnson
3469,perfect
3470,the last dreamgirl
3471,an amateur corpse
3472,the friend
3473,adventure
3474,the great escape from city zoo
3475,moonfleet
3476,rachel
3477,close
3478,a loving man
3479,the trail of the lotto
3480,the captive sun
3481,holiday stories
3482,jacaranda
3483,through soft air
3484,peewee goes to the doctor
3485,reckoning
3486,the drop
3487,the berenstain bears go green
3488,serenade
3489,joyous judy
3490,strange relations
3491,lace ii
3492,in the crosshairs
3493,the birth of the dread remora
3494,the neighbor
3495,unconditional
3496,killing state
3497,the door between
3498,the case of the yodeling turtles
3499,a wolfish tale
3500,to marry an heiress
3501,curious george
3502,the floor of the sky
3503,the rawhide years
3504,the talent
3505,adversity teaches
3506,fruitful bodies
3507,the wild bird and other short stories
3508,tidewater hit
3509,my pal al
3510,the binding chain
3511,the irrepressible peccadillo
3512,summer spies
3513,the model
3514,quartermaster clausen
3515,the snake
3516,the breaker
3517,heritage of shame
3518,studies in scholasticism
3519,daring in the city
3520,the castle of dreams
3521,unwilling pirate
3522,wheels
3523,kingdoms of sorcery
3524,the witness
3525,cat tales
3526,the ghost and jacob moorhead
3527,ting ting the ghosthunter
3528,tush
3529,the manipulator
3530,the winged horse
3531,into the ether
3532,she blinded me with science
3533,the woman in the camphor trunk
3534,rotten borough
3535,the perks of loving a scoundrel
3536,morning star
3537,the kyoto man
3538,submissive seductions
3539,stillness and other stories
3540,monkey matters
3541,terrifyingly talented
3542,cat spitting mad
3543,stag
3544,the mahotep synod
3545,the bus ride
3546,the great instauration
3547,fifth business
3548,tales of pirx the pilot
3549,little spotted cat
3550,the wise fool
3551,never let go
3552,untouchable
3553,the truth cookie
3554,past imperfect
3555,the chronicles of fitkin le fraise
3556,split
3557,outcast
3558,contagion
3559,haze
3560,across the universe
3561,plaster and poison
3562,science fair flop
3563,assault and beret
3564,oranges are not the only fruit
3565,the waffler
3566,a may evening
3567,fluffy chick
3568,professional bone
3569,military orgy
3570,spare parts
3571,a frazzle dazzle fairytale
3572,leonardo da vinci
3573,punctuation mark
3574,key change
3575,antagonist
3576,the chest of drawers
3577,the mysterious death of charles bravo
3578,deadbolt
3579,sydney
3580,shifting plains
3581,the heart of toil
3582,a guest appearance
3583,super bowl
3584,jess and the fireplug caper
3585,a farm in fairyland
3586,breathing water
3587,juarez dance
3588,sunshine
3589,flashman and the dragon
3590,lily
3591,the magical adventures of brian leonard
3592,the big chili
3593,utter cupidity
3594,as sure as the dawn
3595,sir kyle and lady madeline
3596,the catalyst
3597,prince of cats
3598,the collide
3599,the best horror stories
3600,the deadly farm boy
3601,the backwards watch
3602,extra credit
3603,indecent exposure
3604,role of honour
3605,awake
3606,the cross
3607,a maggot in the mouthwash
3608,round the nguni fires
3609,mazurka for two dead men
3610,skiing for the prize
3611,a sneer death experience
3612,humans
3613,emotional overload
3614,northkill
3615,warlord
3616,slicer
3617,the yellowstone conundrum
3618,the raven
3619,the white gryphon
3620,to the hermitage
3621,edgewater
3622,the red scalp
3623,ace
3624,a petrol scented spring
3625,true blue cowboy
3626,the lace weaver
3627,the coming of the white worm
3628,a matter of time
3629,a proposition for the comte
3630,a knight to remember
3631,hike
3632,harry putter and the chamber of cheesecakes
3633,stay out of the basement
3634,the tub
3635,women who blow on knots
3636,path of the cat
3637,sir dominick ferrand
3638,boy meets hamster
3639,witch glitch
3640,tales of beatnik glory
3641,the jasmine of kota bahru
3642,the white linen nurse
3643,assassin
3644,the corrections
3645,the penny ferry
3646,maggie eats healthier
3647,crude and unsatisfying
3648,rescuing rapunzel
3649,the dark flight down
3650,fatal revenant
3651,the buddha in the attic
3652,getting it together
3653,the king and the fire chanter
3654,the lost books of the odyssey
3655,windflower
3656,chitty chitty bang bang and the race against time
3657,banzai alla bolognese
3658,knockout
3659,night of the canid
3660,the hoop
3661,tales from southern africa
3662,through the mill
3663,behead me
3664,bitter remedy
3665,the bleeder
3666,the rig
3667,expensive tastes
3668,professor gargoyle
3669,the same sea
3670,the flagellant of seville
3671,the brainrush trilogy box set
3672,an american fugue
3673,the grey pilgrim
3674,warriors
3675,the submission
3676,cold burn
3677,the swindler and other stories
3678,the hardest fall
3679,the big book of vice
3680,the ambiguity of murder
3681,play to him
3682,animal stories
3683,the unfortunate fursey
3684,samaritan
3685,through a film darkly
3686,kickoff blitz
3687,finders weepers
3688,may earth rise
3689,rapier for revenge
3690,legends of the rhine and of the low countries
3691,theodore and the whale
3692,prisoner of zenda
3693,inspired
3694,lots of balloons
3695,the beachcomber
3696,satirical poems
3697,traitor
3698,page
3699,the halston hit
3700,souls in exile
3701,the gravity of shadows
3702,undone
3703,lost innocents
3704,damage radius
3705,dakota
3706,deuced
3707,jolly snow
3708,to cancel half a line
3709,humphry clinker
3710,the freaky fan
3711,the protector
3712,flotsam and jetsam and the stormy surprise
3713,demand
3714,the little joey who lost her bounce
3715,xx stories
3716,london noir
3717,the last deaf club in america
3718,monster minder
3719,treasury of christmas stories
3720,blood fugue
3721,hidden darkness
3722,gleaner tales
3723,the scarlet cloak
3724,gone fishing
3725,tenth grade angst
3726,one day even trevi will crumble
3727,mother of all loves
3728,carnival of monsters
3729,twilight in jakarta
3730,the wishing wheelchair
3731,prickets way
3732,ravine
3733,inch levels
3734,journey to almost there
3735,a lei for tutu
3736,most marshmallows
3737,the texas twist
3738,microserfs
3739,the tales of adam
3740,the irreversible decline of eddie socket
3741,encroachment
3742,last instructions
3743,hope renewed
3744,work shirts for madmen
3745,cakes and ale
3746,the faithful lover
3747,wolves amoung us
3748,the towering misfeasance
3749,un jour tout recommence
3750,consumed
3751,the pets
3752,grange house
3753,the empty hourglass
3754,on with torchy
3755,the older guy
3756,the beautiful miscellaneous
3757,my pet monster goes to school
3758,a working of stars
3759,entourage
3760,tourmaline
3761,witchy possessions
3762,obsidian sun
3763,relatively famous
3764,adoring ink
3765,the place
3766,take me to your weeder
3767,the heart of the country
3768,diqatjwa tsa basotho
3769,radical moves
3770,the house
3771,the treasured brides collection
3772,wessex
3773,designs of a gentleman
3774,redline
3775,the low calorie way
3776,no sign of ringgit note
3777,shadow boxer
3778,the steeplechaser
3779,chomper
3780,maginot line murder
3781,eyes
3782,given ground
3783,bartholomew creeh and the preacher
3784,mohammed maguire
3785,rage sleep
3786,fly insects
3787,boone
3788,ferdydurke
3789,hold on to your dreams
3790,ruky to the rescue
3791,the cartier project
3792,the big book for children
3793,just wanna testify
3794,the magic of christmas by santa claus
3795,ashes of a black frost
3796,dark night of the soul
3797,the grotto
3798,a golden sunbeam
3799,bamboo
3800,blacksmith
3801,a day at the strawberry patch
3802,biography
3803,skinhead birdy
3804,night hunter
3805,race against time
3806,the saint and the hapsburg necklace
3807,a commentary on the general prologue to the canterbury tales
3808,upload to murder
3809,the iron ship
3810,in a nutshell
3811,machine man
3812,seymour the prince
3813,trevayne
3814,the secret thief
3815,sicily enough
3816,the sacrifice of abraham
3817,the monarch
3818,federal income taxation of corporations and shareholders
3819,the murray leinster megapack
3820,untangling christmas
3821,frank
3822,griffintown
3823,constant craving
3824,fatso
3825,larceny
3826,the bachelorette
3827,mustang
3828,hushed
3829,uluru stories
3830,the hoodoo detective
3831,not quite forever
3832,cheyenne swings a wide loop
3833,enticing the prince
3834,protected
3835,trap door
3836,at home in mitford
3837,the pesthouse
3838,the cask
3839,bloodline
3840,the damned
3841,prisoners of tomorrow
3842,katerina
3843,regency devilry
3844,impervious
3845,ships and men
3846,the darker road
3847,cheerleaders from planet x
3848,cairo modern
3849,under the trillium sea
3850,haworth harvest
3851,the sleeping beauty killer
3852,dublin destiny
3853,princess bari
3854,the cowboys of cthulhu
3855,the door unlatched
3856,eneas africanus
3857,a year in provence
3858,mona lisa darkening
3859,the house of the seven gables
3860,the jade cabinet
3861,aviary slag
3862,back lash
